"Player","Team","Positions","IP","K","W","SV","ERA","WHIP","ER","H","BB","HR","G","GS","L","CG","Rost%"
"Spencer Strider","ATL","SP","180.8","258","15","0","3.28","1.07","66","135","59","21","31","31","6","0","99%"
"Corbin Burnes","BAL","SP","190.0","202","12","0","3.57","1.16","75","162","59","21","31","31","8","0","99%"
"Zack Wheeler","PHI","SP","191.9","197","13","0","3.52","1.14","75","171","48","21","31","31","8","1","99%"
"Luis Castillo","SEA","SP","191.2","204","13","0","3.56","1.17","76","164","58","23","32","31","9","0","99%"
"George Kirby","SEA","SP","187.8","175","13","0","3.59","1.11","75","178","30","23","32","31","9","1","99%"
"Pablo Lopez","MIN","SP","187.5","206","12","0","3.59","1.15","75","165","51","22","31","31","9","1","99%"
"Kevin Gausman","TOR","SP","187.7","216","13","0","3.48","1.15","73","167","49","23","31","31","8","0","99%"
"Zac Gallen","ARI","SP","190.9","193","13","0","3.69","1.18","78","172","53","23","32","31","9","1","99%"
"Yoshinobu Yamamoto","LAD","SP","173.9","180","13","0","3.70","1.11","71","150","44","22","28","28","7","3","99%"
"Logan Webb","SF","SP","196.3","174","13","0","3.42","1.18","75","188","43","16","31","31","9","1","99%"
"Tyler Glasnow","LAD","SP","144.4","183","11","0","3.51","1.12","56","117","45","19","25","25","6","0","99%"
"Tarik Skubal","DET","SP","155.0","177","10","0","3.42","1.12","59","132","41","17","28","28","8","0","98%"
"Aaron Nola","PHI","SP","191.2","201","13","0","3.84","1.13","82","175","41","26","31","31","9","1","99%"
"Freddy Peralta","MIL","SP","164.7","196","11","0","3.71","1.16","68","133","57","22","29","29","9","0","99%"
"Josh Hader","HOU","RP","57.9","83","3","33","3.15","1.13","20","40","25","7","62","0","2","0","98%"
"Framber Valdez","HOU","SP","192.6","190","14","0","3.42","1.22","73","171","63","17","31","31","8","2","99%"
"Edwin Diaz","NYM","RP","58.8","90","3","34","2.79","1.03","18","40","20","5","61","0","2","0","97%"
"Max Fried","ATL","SP","171.8","163","14","0","3.40","1.18","65","160","43","17","30","29","7","1","99%"
"Emmanuel Clase","CLE","RP","63.9","64","4","34","3.04","1.11","22","56","15","5","67","0","3","0","98%"
"Jhoan Duran","MIN","RP","62.5","83","4","30","2.83","1.12","20","48","22","5","65","0","3","0","96%"
"Logan Gilbert","SEA","SP","187.1","183","12","0","3.83","1.16","80","173","45","26","32","32","9","0","98%"
"Grayson Rodriguez","BAL","SP","166.0","179","11","0","3.76","1.21","69","146","55","20","30","30","8","0","96%"
"Zach Eflin","TB","SP","171.1","165","12","0","3.59","1.12","68","160","31","21","30","30","8","0","97%"
"Camilo Doval","SF","RP","63.5","78","4","34","3.36","1.23","24","51","27","5","67","0","3","0","98%"
"Blake Snell","","SP","161.3","204","11","0","3.61","1.27","65","127","78","18","28","28","8","0","98%"
"Bobby Miller","LAD","SP","148.9","146","11","0","3.87","1.19","64","134","43","18","27","26","7","0","93%"
"Jesus Luzardo","MIA","SP","170.9","195","10","0","3.82","1.22","73","151","58","22","30","30","10","0","97%"
"Raisel Iglesias","ATL","RP","61.5","74","4","31","3.38","1.12","23","53","16","8","63","0","3","0","94%"
"Jordan Romano","TOR","RP","60.2","71","4","32","3.51","1.19","23","50","22","7","63","0","3","0","94%"
"Joe Ryan","MIN","SP","171.2","189","11","0","3.99","1.14","76","151","45","26","30","30","9","0","97%"
"Eury Perez","MIA","SP","136.3","155","8","0","3.90","1.19","59","116","46","20","26","26","8","0","92%"
"Justin Steele","CHC","SP","174.7","167","12","0","3.70","1.25","72","165","53","19","30","30","9","0","96%"
"Joe Musgrove","SD","SP","164.4","161","11","0","3.66","1.17","67","150","42","20","28","28","8","0","94%"
"Cole Ragans","KC","SP,RP","164.1","173","10","0","3.94","1.30","72","146","68","19","28","29","10","0","92%"
"Alexis Diaz","CIN","RP","64.7","79","4","31","3.93","1.27","28","50","32","8","67","0","4","0","94%"
"David Bednar","PIT","RP","62.1","73","3","31","3.36","1.16","23","52","20","7","64","0","3","0","92%"
"Andres Munoz","SEA","RP","58.1","80","4","27","2.99","1.12","19","43","22","5","61","0","3","0","90%"
"Paul Sewald","ARI","RP","60.6","73","3","29","3.75","1.19","25","50","22","8","64","0","3","0","90%"
"Tanner Bibee","CLE","SP","163.3","160","10","0","3.94","1.23","71","150","51","22","29","28","9","0","90%"
"Dylan Cease","SD","SP","174.5","204","10","0","3.97","1.30","77","151","75","22","31","31","9","0","95%"
"Evan Phillips","LAD","RP","61.9","70","4","29","3.42","1.14","24","51","19","7","63","0","3","0","87%"
"Pete Fairbanks","TB","RP","56.1","78","4","29","2.99","1.11","19","41","22","5","60","0","2","0","87%"
"Gerrit Cole","NYY","SP","121.1","136","8","0","3.53","1.10","48","102","31","17","20","20","5","1","98%"
"Sonny Gray","STL","SP","166.9","156","11","0","3.69","1.24","68","152","54","17","29","29","8","0","92%"
"Ryan Helsley","STL","RP","58.8","77","4","27","3.23","1.16","21","43","25","6","62","0","3","0","88%"
"Clay Holmes","NYY","RP","62.7","66","4","31","3.42","1.24","24","54","24","5","65","0","3","0","89%"
"Chris Bassitt","TOR","SP","191.2","170","13","0","4.05","1.24","86","180","56","26","31","31","10","1","94%"
"Tanner Scott","MIA","RP","64.9","86","4","26","3.22","1.21","23","51","28","5","69","0","3","0","84%"
"Chris Sale","ATL","SP","142.5","169","10","0","3.81","1.17","60","124","42","20","27","27","6","0","92%"
"Shane Bieber","CLE","SP","177.8","169","11","0","3.79","1.21","75","169","46","22","29","29","9","1","89%"
"Justin Verlander","HOU","SP","149.7","134","10","0","4.02","1.22","67","139","43","22","25","25","7","0","84%"
"Hunter Greene","CIN","SP","152.4","191","9","0","4.26","1.24","72","130","59","25","28","28","9","0","90%"
"Merrill Kelly","ARI","SP","181.6","170","11","0","4.07","1.29","82","171","62","23","31","31","10","0","92%"
"Bailey Ober","MIN","SP","152.3","149","9","0","4.08","1.18","69","144","35","24","28","28","8","0","87%"
"Kenley Jansen","BOS","RP","58.8","69","3","31","4.06","1.24","27","50","23","8","63","0","3","0","82%"
"Jordan Montgomery","","SP","169.6","155","11","0","3.90","1.25","73","164","47","21","29","29","8","0","89%"
"Michael King","SD","SP,RP","144.1","162","9","0","3.73","1.23","60","126","52","18","35","25","8","0","84%"
"Walker Buehler","LAD","SP","129.2","120","9","0","3.99","1.21","57","121","36","17","22","22","6","1","80%"
"Jose Berrios","TOR","SP","178.5","167","11","0","4.15","1.24","82","172","50","25","31","31","10","0","87%"
"Carlos Rodon","NYY","SP","151.6","174","11","0","3.99","1.19","67","129","52","22","28","28","8","1","79%"
"Adbert Alzolay","CHC","RP","61.7","66","3","27","3.66","1.16","25","55","17","8","58","0","3","0","83%"
"Mitch Keller","PIT","SP","185.6","179","11","0","4.18","1.31","86","180","63","22","31","31","11","0","89%"
"Hunter Brown","HOU","SP","143.5","153","11","0","3.94","1.27","63","130","53","17","31","26","8","0","86%"
"Yu Darvish","SD","SP","163.1","162","10","0","4.14","1.20","75","150","46","24","28","27","9","0","83%"
"Craig Kimbrel","BAL","RP","63.0","78","4","25","3.83","1.22","27","50","27","8","67","0","4","0","85%"
"Cristian Javier","HOU","SP","160.4","169","10","0","4.34","1.25","77","138","63","26","29","29","8","0","87%"
"Kodai Senga","NYM","SP","120.6","140","8","0","3.75","1.27","50","100","53","14","21","21","6","1","86%"
"Eduardo Rodriguez","ARI","SP","168.8","161","12","0","3.95","1.29","74","163","55","20","29","29","9","0","79%"
"Bryan Woo","SEA","SP","130.0","136","7","0","4.05","1.21","58","115","42","18","33","24","8","0","48%"
"Bryce Miller","SEA","SP","146.3","133","9","0","4.18","1.21","68","140","37","22","27","27","8","0","74%"
"Gavin Williams","CLE","SP","129.8","131","7","0","4.08","1.28","59","115","51","17","24","25","7","0","49%"
"Nathan Eovaldi","TEX","SP","160.7","147","10","0","4.13","1.26","74","156","47","22","27","27","8","2","79%"
"Jose Alvarado","PHI","RP","63.7","86","3","22","3.18","1.24","22","49","30","6","68","0","3","0","69%"
"Shota Imanaga","CHC","SP","158.2","158","9","0","3.94","1.22","69","149","44","23","28","28","8","2","64%"
"Brandon Pfaadt","ARI","SP","146.5","139","9","0","4.35","1.24","71","144","38","23","27","27","9","0","46%"
"Aaron Civale","TB","SP","140.9","132","9","0","4.08","1.22","64","133","38","19","26","26","8","0","40%"
"Nick Pivetta","BOS","SP,RP","161.6","179","10","0","4.38","1.28","79","146","61","25","32","28","10","0","83%"
"Ryan Pepiot","TB","SP,RP","130.8","133","8","0","4.16","1.26","60","116","49","20","29","24","7","0","56%"
"Jose Leclerc","TEX","RP","61.3","70","2","19","4.04","1.30","28","50","29","8","64","0","3","0","58%"
"Triston McKenzie","CLE","SP","145.5","145","8","0","4.10","1.21","66","130","47","23","26","25","9","0","50%"
"Devin Williams","MIL","RP","38.6","56","3","18","2.96","1.16","13","27","18","4","40","0","2","0","90%"
"Alex Lange","DET","RP","62.5","75","3","21","3.97","1.36","28","51","34","6","65","0","4","0","65%"
"Charlie Morton","ATL","SP","155.2","169","11","0","4.18","1.34","72","141","66","19","28","28","8","0","79%"
"Braxton Garrett","MIA","SP","136.8","130","8","0","3.98","1.26","61","135","37","17","25","25","8","0","71%"
"Brayan Bello","BOS","SP","170.3","148","11","0","4.28","1.37","81","176","57","20","30","30","10","0","41%"
"Kenta Maeda","DET","SP","136.1","138","8","0","4.23","1.23","64","127","40","20","32","26","9","0","41%"
"Nick Lodolo","CIN","SP","122.8","145","7","0","4.11","1.25","56","112","42","18","31","23","7","0","39%"
"Reid Detmers","LAA","SP","164.9","176","9","0","4.29","1.30","79","151","62","23","30","30","9","0","42%"
"Kyle Finnegan","WSH","RP","63.5","62","3","21","4.08","1.31","29","59","24","8","66","0","4","0","40%"
"Kyle Harrison","SF","SP","139.1","156","7","0","4.16","1.31","64","121","62","19","28","28","7","0","52%"
"Robert Suarez","SD","RP","63.1","66","4","19","3.95","1.23","28","53","25","8","62","0","4","0","42%"
"Andrew Abbott","CIN","SP","120.9","132","7","0","4.32","1.31","58","111","46","20","23","23","7","0","44%"
"Nestor Cortes Jr.","NYY","SP","136.9","138","9","0","4.05","1.20","62","123","40","22","28","25","7","0","43%"
"Marcus Stroman","NYY","SP","159.1","133","10","0","4.01","1.30","71","155","51","18","28","28","9","1","56%"
"Taj Bradley","TB","SP","119.6","125","7","0","4.15","1.25","55","109","41","18","36","21","7","0","26%"
"Carlos Estevez","LAA","RP","62.1","69","3","21","4.21","1.32","29","56","26","9","65","0","4","0","44%"
"Cristopher Sanchez","PHI","SP","131.8","116","8","0","4.14","1.29","61","128","42","17","31","23","7","0","30%"
"Kyle Bradish","BAL","SP","95.2","93","6","0","3.80","1.23","40","86","31","11","17","17","5","0","64%"
"Shane Baz","TB","SP","98.8","107","6","0","3.85","1.20","42","87","32","13","24","19","5","0","26%"
"Yusei Kikuchi","TOR","SP","150.7","159","9","0","4.21","1.30","71","141","56","23","29","29","8","0","40%"
"Mason Miller","OAK","SP","61.2","80","2","16","3.31","1.14","22","45","24","6","60","0","3","0","29%"
"Kutter Crawford","BOS","SP,RP","140.6","137","8","0","4.50","1.28","70","136","44","22","33","26","8","1","33%"
"Emmet Sheehan","LAD","SP","102.2","114","6","0","4.31","1.28","49","87","44","16","36","16","5","0","17%"
"Reese Olson","DET","SP","132.1","125","7","0","4.35","1.34","64","125","52","17","25","25","9","0","8%"
"Michael Wacha","KC","SP","145.6","120","8","0","4.55","1.33","74","149","45","22","26","27","9","0","27%"
"Ryan Pressly","HOU","RP","62.2","70","4","4","3.43","1.14","24","54","17","7","65","0","3","0","45%"
"Max Scherzer","TEX","SP","95.4","106","6","0","3.95","1.15","42","84","26","16","17","16","5","0","40%"
"MacKenzie Gore","WSH","SP","143.7","153","8","0","4.30","1.34","69","132","60","21","27","27","9","0","22%"
"Griffin Canning","LAA","SP","145.1","152","9","0","4.25","1.27","69","137","47","23","26","26","8","0","18%"
"Seth Lugo","KC","SP","151.5","130","8","0","4.37","1.33","74","156","46","21","27","27","9","0","9%"
"Lance Lynn","STL","SP","168.9","158","10","0","4.43","1.29","83","166","53","27","29","29","10","0","40%"
"Yuki Matsui","SD","RP","59.1","71","2","8","3.67","1.25","24","49","25","7","62","0","2","0","5%"
"Will Smith","KC","RP","59.1","58","3","13","4.35","1.31","29","55","22","8","63","0","4","0","32%"
"Jon Gray","TEX","SP","157.7","152","9","0","4.30","1.29","75","150","54","23","29","28","9","1","24%"
"Edward Cabrera","MIA","SP","118.1","127","7","0","4.17","1.36","55","101","59","14","23","23","8","0","15%"
"Robert Stephenson","LAA","RP","53.8","71","3","11","3.69","1.12","22","43","17","8","58","0","3","0","37%"
"Luis Severino","NYM","SP","134.0","126","7","0","4.54","1.32","68","132","46","21","25","25","8","0","21%"
"Hunter Harvey","WSH","RP","58.0","64","3","12","3.73","1.17","24","51","17","7","61","0","3","0","33%"
"Logan Allen","CLE","SP","139.2","132","8","0","4.17","1.32","65","133","50","19","26","26","8","0","8%"
"David Robertson","TEX","RP","58.8","67","3","10","4.03","1.30","26","51","26","8","61","0","4","0","17%"
"John Means","BAL","SP","118.3","92","7","0","4.31","1.22","57","116","28","20","27","22","7","0","12%"
"Louie Varland","MIN","SP,RP","124.1","120","7","0","4.17","1.26","58","120","36","17","36","20","7","0","17%"
"James Paxton","LAD","SP","110.0","115","8","0","4.31","1.30","53","104","39","18","28","20","6","0","12%"
"Jameson Taillon","CHC","SP","142.5","123","8","0","4.52","1.28","72","144","38","23","26","26","9","0","4%"
"A.J. Puk","MIA","RP","97.5","113","6","3","3.97","1.24","43","89","32","13","45","12","7","0","29%"
"Yennier Cano","BAL","RP","62.7","59","3","7","3.63","1.27","25","59","21","6","65","0","3","0","35%"
"Ranger Suarez","PHI","SP","152.0","133","9","0","4.05","1.35","68","149","56","17","27","27","8","0","13%"
"Matt Brash","SEA","RP","52.8","72","3","6","3.28","1.23","19","41","23","5","56","0","3","0","13%"
"Jason Adam","TB","RP","57.1","69","3","7","3.47","1.12","22","44","20","7","60","0","3","0","20%"
"Aroldis Chapman","PIT","RP","57.7","87","3","5","3.28","1.27","21","40","33","6","61","0","3","0","25%"
"Jordan Hicks","SF","RP","116.3","129","8","0","3.85","1.35","50","100","57","10","36","21","7","0","11%"
"Dean Kremer","BAL","SP","167.8","145","10","0","4.31","1.31","80","167","53","24","30","30","9","0","17%"
"Clayton Kershaw","LAD","SP","62.9","63","5","0","3.76","1.19","26","58","17","9","11","11","3","0","30%"
"Paul Skenes","PIT","SP","60.6","54","3","0","4.46","1.33","30","57","23","7","12","12","3","0","25%"
"DL Hall","MIL","RP","105.4","129","6","0","3.85","1.30","45","89","48","13","39","17","6","0","11%"
"Scott Barlow","CLE","RP","63.9","73","3","3","3.70","1.25","26","55","25","7","65","0","4","0","2%"
"James McArthur","KC","RP","63.2","60","3","13","4.13","1.31","29","60","23","7","65","0","3","0","12%"
"Tyler Wells","BAL","SP","96.6","89","6","0","4.33","1.21","46","88","29","17","43","13","5","0","11%"
"Chris Paddack","MIN","SP,RP","114.4","103","7","0","4.32","1.25","55","115","28","16","27","21","7","0","7%"
"Alek Manoah","TOR","SP","110.7","100","7","0","4.51","1.34","56","103","45","16","22","20","7","0","10%"
"Sean Manaea","NYM","SP,RP","141.6","146","9","0","4.26","1.27","67","134","46","21","27","24","9","0","12%"
"Zack Littell","TB","SP,RP","138.7","113","8","0","4.41","1.28","68","141","36","22","35","24","7","0","4%"
"Frankie Montas","CIN","SP,RP","139.1","136","8","0","4.45","1.32","69","137","46","22","25","25","9","0","5%"
"Clarke Schmidt","NYY","SP","149.4","137","9","0","4.37","1.31","73","147","49","21","28","28","8","0","12%"
"Hector Neris","CHC","RP","65.4","73","4","6","3.90","1.24","28","55","26","9","68","0","4","0","23%"
"Trevor Rogers","MIA","SP","109.8","110","6","0","4.16","1.30","51","104","38","13","27","21","7","0","3%"
"Garrett Whitlock","BOS","SP,RP","114.1","111","7","0","4.04","1.23","51","113","27","15","39","17","6","0","8%"
"Bryan Abreu","HOU","RP","61.8","85","3","2","3.22","1.20","22","46","28","6","64","0","2","0","19%"
"A.J. Minter","ATL","RP","60.0","74","4","4","3.48","1.16","23","50","19","7","65","0","3","0","16%"
"Taijuan Walker","PHI","SP","168.0","130","10","0","4.64","1.37","87","170","61","24","30","30","10","0","14%"
"Steven Matz","STL","SP,RP","120.2","114","8","0","4.03","1.28","54","117","36","15","31","21","7","0","2%"
"Josiah Gray","WSH","SP","168.8","156","8","0","4.88","1.41","91","162","76","29","30","30","12","0","9%"
"Chase Silseth","LAA","SP,RP","116.2","114","7","0","4.36","1.35","56","109","49","17","26","22","7","0","3%"
"Andrew Heaney","TEX","SP,RP","134.9","141","8","0","4.44","1.31","67","128","48","23","31","26","8","0","12%"
"Giovanny Gallegos","STL","RP","60.8","66","3","5","3.85","1.16","26","53","17","9","63","0","3","0","3%"
"Graham Ashcraft","CIN","SP","153.8","121","8","0","4.70","1.40","80","162","53","21","27","27","10","0","5%"
"JP Sears","OAK","SP","164.1","150","8","0","4.37","1.27","80","157","52","26","29","29","11","0","8%"
"Sawyer Gipson-Long","DET","SP","60.5","58","3","0","4.28","1.27","29","59","18","8","29","7","4","0","1%"
"Seranthony Dominguez","PHI","RP","60.9","65","4","3","4.06","1.33","27","54","27","8","66","0","4","0","3%"
"Justin Lawrence","COL","RP","63.5","65","3","16","4.50","1.46","32","61","32","7","67","0","4","0","5%"
"Joel Payamps","MIL","RP","63.8","63","4","4","3.87","1.24","27","60","20","8","63","0","4","0","27%"
"Jorge Lopez","NYM","RP","53.8","51","3","1","4.37","1.35","26","52","20","7","53","0","3","0","7%"
"Miles Mikolas","STL","SP","182.2","127","10","0","4.50","1.30","91","195","41","27","31","31","11","0","8%"
"Dylan Floro","WSH","RP","44.6","40","3","1","4.20","1.33","21","45","14","5","48","0","3","0","4%"
"Brusdar Graterol","LAD","RP","59.9","49","3","7","3.42","1.19","23","56","15","5","63","0","2","0","12%"
"Gavin Stone","LAD","SP","47.3","46","3","0","4.47","1.35","23","46","17","7","28","4","2","0","9%"
"Alex Cobb","SF","SP","120.9","107","7","0","3.87","1.31","52","123","36","12","22","22","6","1","2%"
"Daniel Bard","COL","RP","51.1","50","3","4","4.98","1.59","28","49","32","7","53","0","4","0","1%"
"Erick Fedde","CWS","SP","140.5","117","7","0","4.89","1.39","76","146","50","23","26","26","10","0","4%"
"Patrick Sandoval","LAA","SP","156.8","147","9","0","4.14","1.40","72","152","68","18","28","28","9","0","2%"
"John Brebbia","CWS","SP,RP","55.3","58","3","8","4.31","1.28","26","52","19","9","59","1","4","0","3%"
"Jose Quintana","NYM","SP","156.3","131","9","0","4.32","1.38","75","161","56","19","28","28","9","0","6%"
"Ricky Tiedemann","TOR","SP","47.6","53","3","0","3.96","1.30","21","41","21","6","14","8","3","0","6%"
"Orion Kerkering","PHI","RP","58.4","65","3","3","3.75","1.22","24","51","20","7","61","0","3","0","15%"
"Taylor Rogers","SF","RP","58.5","70","4","3","3.72","1.23","24","51","21","7","62","0","4","0","2%"
"Jack Flaherty","DET","SP","148.0","144","8","0","4.47","1.39","73","143","63","19","27","27","9","0","4%"
"Gregory Santos","SEA","RP","51.4","53","2","3","3.64","1.26","21","47","17","5","55","0","2","0","1%"
"Bryce Elder","ATL","SP","117.8","93","8","0","4.43","1.38","58","120","43","15","36","18","6","0","13%"
"Aaron Ashby","MIL","SP","78.7","86","5","0","3.87","1.36","34","70","37","8","37","11","4","0","1%"
"Reynaldo Lopez","ATL","RP","89.2","99","6","1","3.92","1.25","39","79","33","11","48","10","5","0","5%"
"Dane Dunning","TEX","SP,RP","157.3","133","10","0","4.40","1.37","77","160","55","21","30","27","9","0","12%"
"Abner Uribe","MIL","RP","58.4","75","2","3","3.62","1.37","23","44","36","5","59","0","2","0","11%"
"Tanner Houck","BOS","SP","137.5","130","9","0","4.32","1.35","66","135","51","16","32","26","9","1","2%"
"Kevin Ginkel","ARI","RP","61.1","67","4","6","3.61","1.24","24","52","24","6","65","0","3","0","5%"
"AJ Smith-Shawver","ATL","SP","53.6","55","3","0","4.61","1.37","27","49","24","8","24","8","2","0","4%"
"Jacob deGrom","TEX","SP","26.9","37","2","0","3.00","0.95","9","20","6","3","5","5","1","0","36%"
"Brady Singer","KC","SP","163.4","139","9","0","4.43","1.34","81","170","50","20","29","28","10","1","4%"
"Michael Kopech","CWS","SP","83.9","87","4","5","4.80","1.42","45","74","45","14","56","9","5","0","3%"
"Griffin Jax","MIN","RP","60.7","62","4","2","3.94","1.22","27","55","19","7","57","0","4","0","4%"
"Keaton Winn","SF","SP","113.7","98","6","0","4.17","1.30","53","113","35","13","28","20","7","0","1%"
"Tylor Megill","NYM","SP","91.4","81","5","0","4.65","1.40","47","93","35","14","34","14","6","0","2%"
"Kyle Gibson","STL","SP","176.2","139","10","0","4.47","1.37","87","183","58","23","31","31","10","0","16%"
"Max Meyer","MIA","SP","81.7","74","4","0","4.39","1.37","40","80","32","10","16","16","5","0","4%"
"Jhony Brito","SD","SP,RP","112.4","89","7","0","4.24","1.30","53","111","35","15","42","17","7","0","3%"
"Jeff Hoffman","PHI","RP","62.5","74","3","3","4.05","1.27","28","52","27","9","64","0","3","0","3%"
"Jose Urquidy","HOU","SP,RP","115.8","94","7","0","4.63","1.28","60","116","32","20","36","18","6","0","2%"
"Kyle Hendricks","CHC","SP","150.4","108","9","0","4.60","1.33","77","162","37","23","27","27","9","0","3%"
"Cade Horton","CHC","SP","17.6","16","1","0","4.58","1.34","9","17","7","3","3","3","1","0","3%"
"Matt Manning","DET","SP","115.0","85","6","0","4.64","1.35","59","117","38","16","25","22","8","0","2%"
"Chris Martin","BOS","RP","58.7","56","4","3","3.60","1.20","24","59","11","7","63","0","3","0","7%"
"Joe Boyle","OAK","SP","99.9","109","5","0","4.50","1.51","50","84","67","12","28","18","8","0","3%"
"Mike Clevinger","","SP","93.3","80","6","0","4.57","1.31","47","92","30","15","19","17","6","1","2%"
"Casey Mize","DET","SP","107.9","81","5","0","4.59","1.32","55","110","32","16","20","20","7","1","3%"
"J.P. France","HOU","SP","103.8","92","7","0","4.54","1.40","52","103","43","16","40","13","5","0","2%"
"Matt Strahm","PHI","SP,RP","66.0","77","4","2","3.64","1.13","27","56","19","9","67","0","4","0","10%"
"Andrew Nardi","MIA","RP","62.1","74","3","4","3.79","1.28","26","53","27","8","64","0","4","0","6%"
"Wade Miley","MIL","SP","135.0","95","8","0","4.36","1.38","65","139","47","19","25","25","8","0","3%"
"Erik Swanson","TOR","RP","60.9","68","3","3","3.70","1.17","25","52","19","9","64","0","3","0","10%"
"Jordan Wicks","CHC","SP","120.1","101","7","0","4.42","1.35","59","121","41","17","27","23","7","0","3%"
"Nick Martinez","CIN","SP,RP","121.8","115","6","1","4.44","1.39","60","122","47","18","49","17","7","0","4%"
"Trevor Megill","MIL","RP","56.8","74","3","6","3.73","1.25","24","49","22","7","57","0","2","0","3%"
"Julian Merryweather","CHC","RP","61.9","77","3","2","3.82","1.27","26","53","26","8","63","0","3","0","2%"
"Joe Kelly","LAD","RP","55.6","72","4","2","3.60","1.26","22","45","25","5","59","0","3","0","1%"
"Drew Thorpe","CWS","SP","83.8","78","5","0","4.09","1.27","38","79","28","12","16","16","5","0","2%"
"Jeffrey Springs","TB","SP","44.1","49","3","0","3.57","1.15","17","38","13","6","15","7","2","0","7%"
"Javier Assad","CHC","SP,RP","83.7","71","4","0","4.35","1.37","40","83","32","11","47","8","4","0","4%"
"Colin Poche","TB","RP","58.6","63","4","2","3.87","1.24","25","49","23","8","62","0","3","0","5%"
"Jackson Jobe","DET","SP","19.8","17","1","0","4.58","1.37","10","20","8","3","4","4","1","0","5%"
"Gregory Soto","PHI","RP","62.6","72","3","3","3.93","1.31","27","53","29","7","68","0","4","0","2%"
"Robbie Ray","SF","SP","51.6","57","3","0","4.18","1.27","24","47","18","8","13","9","3","0","12%"
"Jason Foley","DET","RP","60.6","49","2","8","3.84","1.31","26","62","18","5","63","0","3","0","4%"
"Bowden Francis","TOR","RP","61.0","60","3","0","4.49","1.28","30","56","22","11","40","5","3","0","1%"
"Lucas Erceg","OAK","RP","62.2","71","3","5","4.02","1.42","28","53","36","5","64","0","4","0","0%"
"Tyler Kinley","COL","RP","58.8","58","2","8","4.73","1.37","31","58","23","9","62","0","3","0","1%"
"Cole Irvin","BAL","SP,RP","90.5","68","5","0","4.43","1.29","45","96","21","14","43","10","5","0","1%"
"Ross Stripling","OAK","SP,RP","129.4","105","6","0","4.36","1.27","63","134","31","20","34","23","8","0","0%"
"Hayden Wesneski","CHC","SP,RP","63.6","59","3","0","4.40","1.30","31","61","22","9","29","8","4","0","0%"
"Drew Rasmussen","TB","SP","42.1","42","3","0","3.45","1.16","16","37","12","4","25","4","2","0","6%"
"Robert Gasser","MIL","SP","112.4","108","6","0","4.44","1.33","55","108","42","17","27","20","6","0","1%"
"Yimi Garcia","TOR","RP","58.9","63","3","2","3.84","1.19","25","53","17","8","63","0","3","0","1%"
"Garrett Crochet","CWS","RP","90.8","100","5","1","4.01","1.36","40","79","45","11","46","10","6","0","2%"
"Ryan Weathers","MIA","SP","69.6","59","3","0","4.65","1.44","36","72","28","10","45","5","5","0","1%"
"Jared Jones","PIT","SP","90.9","80","5","0","4.73","1.41","48","91","37","12","20","17","6","0","0%"
"JoJo Romero","STL","RP","56.5","63","4","2","3.56","1.25","22","50","21","6","60","0","3","0","0%"
"Chad Green","TOR","RP","52.1","58","4","1","3.80","1.17","22","46","15","7","53","0","3","0","1%"
"Michael Soroka","CWS","SP","116.6","99","6","0","4.59","1.34","60","117","39","18","28","21","8","0","3%"
"Danny Coulombe","BAL","RP","56.0","59","3","1","3.91","1.28","24","52","19","8","60","0","3","0","2%"
"Tim Mayza","TOR","RP","55.3","53","3","0","3.43","1.24","21","51","18","5","62","0","3","0","3%"
"Joe Jimenez","ATL","RP","62.0","77","3","2","3.85","1.19","27","53","20","9","66","0","2","0","1%"
"Domingo German","PIT","SP","74.6","71","4","0","4.33","1.24","36","69","23","12","19","12","4","1","5%"
"Caleb Thielbar","MIN","RP","51.8","61","3","0","3.70","1.19","21","45","16","7","55","0","3","0","1%"
"Luis Garcia","HOU","SP","20.3","21","1","0","4.04","1.24","9","18","7","3","4","4","1","0","1%"
"Josh Sborz","TEX","RP","59.2","71","4","2","3.91","1.26","26","52","23","8","62","0","3","0","1%"
"Alex Vesia","LAD","RP","55.7","71","4","1","3.73","1.21","23","45","22","8","60","0","3","0","1%"
"Andrew Kittredge","STL","RP","53.4","43","4","2","3.92","1.24","23","53","13","7","57","0","3","0","3%"
"David Peterson","NYM","SP,RP","73.4","79","4","0","4.02","1.36","33","68","31","8","28","11","4","0","1%"
"Trevor Bauer","","SP","43.3","47","2","0","3.99","1.19","19","37","14","7","8","8","2","0","1%"
"Brock Stewart","MIN","RP","54.8","68","2","1","3.78","1.27","23","46","23","7","57","0","2","0","1%"
"Gabe Speier","SEA","RP","56.5","60","2","1","3.75","1.20","24","51","16","7","63","0","3","0","1%"
"Caleb Ferguson","NYY","SP,RP","58.6","67","4","2","3.57","1.25","23","50","23","6","64","0","3","0","2%"
"Kirby Yates","TEX","RP","59.0","70","3","2","4.33","1.35","28","49","30","9","61","0","4","0","1%"
"Shawn Armstrong","TB","SP,RP","59.0","62","2","1","3.73","1.20","24","53","17","7","59","0","2","0","1%"
"Ryne Nelson","ARI","SP","117.9","87","6","0","4.78","1.38","63","123","39","18","31","20","7","0","1%"
"Carlos Carrasco","CLE","SP","81.8","70","4","0","4.85","1.43","44","88","28","13","40","11","6","0","1%"
"Ian Hamilton","NYY","RP","59.7","69","3","2","3.73","1.30","25","50","27","6","60","0","3","0","1%"
"Brock Burke","TEX","RP","60.8","60","3","0","3.93","1.23","27","57","18","8","61","0","3","0","0%"
"Roansy Contreras","PIT","SP,RP","73.8","66","3","0","4.47","1.33","37","71","28","10","42","8","4","0","1%"
"Jakob Junis","MIL","SP,RP","108.3","106","5","0","4.39","1.29","53","109","30","17","33","17","6","0","1%"
"Tyler Holton","DET","RP","62.2","57","3","1","3.81","1.21","26","57","18","7","63","0","3","0","2%"
"Adrian Houser","NYM","SP","126.1","92","7","0","4.50","1.41","63","131","48","15","26","23","8","0","1%"
"Aaron Bummer","ATL","RP","59.2","71","4","1","3.59","1.31","24","51","27","5","62","0","3","0","1%"
"Michael Lorenzen","","RP,SP","111.9","88","7","0","4.63","1.36","58","112","40","16","22","19","7","1","19%"
"Ben Joyce","LAA","RP","49.8","58","2","2","4.21","1.39","23","43","27","6","52","0","3","0","1%"
"Anthony DeSclafani","MIN","SP","112.3","90","6","0","4.55","1.31","57","117","30","17","33","18","7","0","1%"
"Colin Rea","MIL","SP","128.6","110","7","0","4.66","1.32","67","130","40","21","30","23","8","0","1%"
"John Schreiber","KC","RP","59.2","60","3","2","3.89","1.30","26","54","23","6","60","0","3","0","1%"
"Brandon Williamson","CIN","SP","78.8","69","4","0","4.99","1.46","44","81","34","13","25","13","5","0","1%"
"Steven Wilson","CWS","RP","57.0","62","2","4","4.33","1.29","27","48","26","9","59","0","3","0","1%"
"Mason Black","SF","SP","75.3","72","4","0","4.31","1.33","36","72","28","10","31","11","4","0","0%"
"Hyun Jin Ryu","","SP","32.4","24","3","0","4.21","1.35","15","36","8","5","13","5","3","0","27%"
"Ryan Walker","SF","SP,RP","58.3","67","3","0","3.71","1.27","24","52","22","6","59","0","3","0","1%"
"Connor Phillips","CIN","SP","34.2","38","1","0","4.74","1.46","18","31","19","5","19","4","2","0","1%"
"Randy Vasquez","SD","SP,RP","77.0","68","4","0","4.27","1.36","37","73","32","10","29","11","5","0","1%"
"Drew Smyly","CHC","SP,RP","74.6","73","4","1","4.43","1.32","37","73","25","12","53","4","4","0","1%"
"Paul Blackburn","OAK","SP","137.7","111","7","0","4.56","1.40","70","145","48","18","26","26","9","0","1%"
"Dany Jimenez","OAK","RP","55.3","61","2","5","4.20","1.37","26","46","29","7","59","0","4","0","1%"
"Hoby Milner","MIL","RP","59.2","56","2","1","3.82","1.23","25","57","16","8","63","0","2","0","1%"
"Phil Maton","TB","RP","61.3","67","3","1","4.01","1.27","27","54","23","8","63","0","3","0","1%"
"Jonathan Loaisiga","NYY","RP","54.9","47","3","3","3.78","1.23","23","52","16","6","54","0","3","0","1%"
"Nick Anderson","KC","RP","52.8","47","3","1","4.33","1.30","25","53","16","8","56","0","3","0","1%"
"Will Warren","NYY","SP","49.5","43","3","0","4.38","1.37","24","49","19","6","20","7","3","0","1%"
"Jose Soriano","LAA","RP","65.7","76","3","0","4.02","1.38","29","56","35","7","60","1","3","0","0%"
"Pierce Johnson","ATL","RP","57.7","77","3","1","3.81","1.28","24","50","24","7","62","0","3","0","1%"
"Adam Ottavino","NYM","RP","58.8","61","3","3","4.07","1.32","27","52","26","6","64","0","3","0","4%"
"Andrew Chafin","DET","RP","56.0","60","3","2","3.92","1.31","24","50","24","6","61","0","3","0","1%"
"Daniel Hudson","LAD","RP,SP","42.6","51","3","0","3.92","1.22","19","37","15","7","45","0","2","0","0%"
"Shelby Miller","DET","RP","54.7","56","3","1","4.30","1.35","26","48","26","7","56","0","3","0","1%"
"Brooks Raley","NYM","RP","57.1","62","2","2","3.99","1.30","25","51","23","7","64","0","3","0","4%"
"Ken Waldichuk","OAK","SP,RP","58.7","57","3","0","4.43","1.38","29","55","26","8","24","8","4","0","1%"
"Alex Wood","OAK","RP,SP","127.9","106","7","0","4.45","1.35","63","129","44","16","27","23","9","0","1%"
"Jordan Leasure","CWS","RP","53.9","57","3","6","4.48","1.38","27","49","26","9","53","0","3","0","1%"
"Lance McCullers Jr.","HOU","SP","68.9","70","4","0","3.91","1.32","30","61","30","7","23","10","3","0","1%"
"Hurston Waldrep","ATL","SP","24.9","26","1","0","4.37","1.42","12","24","11","3","16","3","1","0","2%"
"Tommy Kahnle","NYY","RP","44.8","51","2","1","3.90","1.26","19","38","19","6","47","0","2","0","1%"
"Prelander Berroa","CWS","SP,RP","27.3","31","1","0","4.31","1.44","13","23","16","3","28","0","1","0","3%"
"Dustin May","LAD","SP","19.3","19","1","0","3.62","1.19","8","16","6","2","14","2","1","0","7%"
"Sam Hentges","CLE","RP","57.8","61","3","1","3.69","1.31","24","53","23","6","58","0","3","0","0%"
"Christian Scott","NYM","RP,SP","9.3","9","0","0","4.21","1.31","4","9","3","1","2","2","0","0","0%"
"Enyel De Los Santos","SD","RP","61.5","62","3","1","4.03","1.27","28","54","24","8","65","0","3","0","1%"
"Emerson Hancock","SEA","SP","68.2","54","4","0","4.63","1.35","35","68","24","10","29","10","4","0","1%"
"Trevor Stephan","CLE","RP","60.3","66","3","2","3.96","1.30","27","55","23","7","48","0","5","0","1%"
"Martin Perez","PIT","SP,RP","140.0","99","7","0","4.56","1.44","71","150","52","17","25","24","9","0","4%"
"Will Vest","DET","RP","53.4","56","2","1","3.76","1.26","22","49","19","6","54","0","3","0","0%"
"Yariel Rodriguez","TOR","RP,SP","64.9","63","3","0","4.50","1.41","32","61","30","9","41","6","3","0","0%"
"Luis Medina","OAK","SP,RP","107.1","101","5","0","4.65","1.48","55","101","57","13","28","19","8","0","0%"
"Garrett Cleavinger","TB","RP","44.7","59","2","0","3.64","1.27","18","34","22","5","48","0","2","0","0%"
"Ty Madden","DET","SP","30.0","27","1","0","4.53","1.36","15","29","12","4","16","3","2","0","1%"
"Tyler Anderson","LAA","SP","157.9","128","8","0","4.78","1.37","84","162","54","26","28","28","9","0","1%"
"J.P. Feyereisen","LAD","RP","44.5","45","3","0","4.22","1.32","21","39","19","7","46","0","2","0","1%"
"Joe Ross","MIL","SP","81.8","73","4","0","4.51","1.34","41","81","28","12","35","10","5","0","0%"
"Matthew Liberatore","STL","SP,RP","60.1","53","3","0","4.29","1.37","29","59","23","7","37","6","4","0","1%"
"Woo-Suk Go","SD","RP","54.5","61","2","2","4.18","1.39","25","48","27","7","57","0","2","0","1%"
"Kevin Kelly","TB","RP","44.1","39","2","0","3.83","1.23","19","41","13","4","43","0","3","0","1%"
"Patrick Corbin","WSH","SP","161.8","117","8","0","5.20","1.47","94","185","53","28","29","29","13","0","1%"
"Ben Brown","CHC","SP,RP","48.2","51","3","0","4.12","1.33","22","44","21","6","30","4","3","0","1%"
"Eli Morgan","CLE","RP","58.7","61","3","0","4.14","1.23","27","55","18","9","59","0","3","0","0%"
"Mark Leiter Jr.","CHC","RP","59.5","65","3","1","4.06","1.26","27","53","22","8","62","0","3","0","3%"
"Cody Bradford","TEX","SP,RP","74.0","64","5","0","4.57","1.28","38","76","19","13","42","8","5","0","0%"
"Nate Pearson","TOR","RP","43.6","48","3","0","4.11","1.29","20","37","20","6","44","0","2","0","0%"
"Cal Quantrill","COL","SP","149.8","93","7","0","5.32","1.48","88","173","49","24","28","27","10","0","1%"
"Anthony Bender","MIA","RP","50.1","51","3","2","4.02","1.28","22","46","19","6","52","0","3","0","0%"
"Ryan Yarbrough","LAD","SP,RP","61.8","50","4","0","4.49","1.26","31","65","13","10","37","4","3","0","1%"
"Tom Cosgrove","SD","RP","52.8","52","2","0","4.05","1.31","24","47","23","7","55","0","3","0","2%"
"Eric Lauer","PIT","SP","42.5","37","2","0","4.67","1.39","22","42","17","7","16","6","3","0","3%"
"Jacob Misiorowski","MIL","SP","24.3","27","1","0","4.62","1.49","12","21","15","3","17","2","1","0","2%"
"Nick Sandlin","CLE","RP","58.5","62","3","0","4.05","1.29","26","49","26","8","61","0","4","0","1%"
"Jack Leiter","TEX","SP","18.1","17","1","0","5.32","1.59","11","18","11","3","4","4","1","0","2%"
"Tyler Mahle","TEX","SP","43.4","45","3","0","4.14","1.25","20","40","15","7","17","6","2","0","1%"
"James Karinchak","CLE","RP","46.8","63","2","0","3.96","1.31","21","35","26","6","51","0","3","0","1%"
"Cade Cavalli","WSH","SP","49.1","47","3","0","4.40","1.39","24","45","23","6","20","7","3","0","1%"
"Wandy Peralta","SD","RP","55.7","53","3","2","3.83","1.33","24","49","25","6","60","0","3","0","1%"
"Zack Thompson","STL","SP,RP","65.1","62","4","0","4.32","1.41","31","62","30","8","37","7","4","0","1%"
"Alex Faedo","DET","SP","53.6","53","3","0","4.27","1.24","25","50","16","8","51","1","3","0","0%"
"Emilio Pagan","CIN","RP","63.0","67","3","2","4.46","1.27","31","57","23","11","66","0","4","0","1%"
"Shintaro Fujinami","NYM","SP,RP","54.4","60","3","0","4.53","1.42","27","48","30","7","55","0","3","0","1%"
"Kody Funderburk","MIN","RP","39.4","42","2","0","3.71","1.33","16","35","17","4","40","0","2","0","0%"
"Michael Grove","LAD","SP,RP","48.0","51","3","0","4.35","1.29","23","47","15","8","39","3","2","0","0%"
"Marco Gonzales","PIT","SP","123.0","79","6","0","4.89","1.41","67","135","39","19","25","21","9","0","1%"
"Ryan Brasier","LAD","RP","58.4","57","3","1","4.06","1.22","26","54","18","8","61","0","2","0","1%"
"Steven Okert","MIN","RP","55.2","67","3","0","4.06","1.25","25","46","23","8","58","0","3","0","0%"
"Ryan Borucki","PIT","RP","55.0","50","3","0","4.06","1.28","25","51","19","7","58","0","3","0","1%"
"Lucas Sims","CIN","RP","58.7","69","3","2","4.65","1.37","30","49","31","9","62","0","4","0","2%"
"Kyle Hurt","LAD","SP,RP","47.7","59","3","0","4.17","1.39","22","40","27","6","40","2","2","1","1%"
"Jared Shuster","CWS","SP","59.5","43","3","0","5.05","1.45","33","62","24","10","17","10","5","0","0%"
"John McMillon","KC","RP","49.9","61","3","3","4.59","1.54","25","41","36","6","50","0","4","0","0%"
"Tyler Rogers","SF","RP","65.0","49","3","2","3.99","1.29","29","66","18","7","66","0","4","0","7%"
"Jake Irvin","WSH","SP","122.7","98","5","0","4.93","1.41","67","125","48","20","24","24","8","0","0%"
"Joey Lucchesi","NYM","SP","46.2","36","3","0","4.43","1.38","23","47","17","6","19","6","3","0","1%"
"Brandon Hughes","ARI","RP","19.0","21","1","0","4.14","1.31","9","17","8","2","20","0","1","0","0%"
"Dylan Lee","ATL","RP","38.4","40","3","0","3.80","1.21","16","36","11","5","41","0","2","0","0%"
"Alec Marsh","KC","SP,RP","57.6","57","3","0","5.08","1.47","33","58","26","9","28","7","4","0","0%"
"Matt Moore","LAA","RP","56.5","60","3","1","4.23","1.35","27","52","24","8","55","0","3","0","1%"
"Spencer Turnbull","PHI","SP","65.1","56","3","0","4.80","1.42","35","67","25","9","35","8","4","0","0%"
"Cade Povich","BAL","SP","18.5","18","1","0","4.37","1.37","9","18","8","3","7","3","1","0","0%"
"Sixto Sanchez","MIA","SP","44.3","42","2","0","3.78","1.26","19","42","13","4","43","1","2","0","1%"
"Wilmer Flores","DET","SP","13.3","11","1","0","4.33","1.37","6","14","4","2","11","1","1","0","0%"
"David Festa","MIN","SP","19.0","17","1","0","4.45","1.38","9","19","8","2","4","4","1","0","0%"
"Allan Winans","ATL","SP","24.0","22","2","0","3.97","1.27","11","23","7","3","22","1","1","0","0%"
"Ryne Stanek","SEA","RP","56.9","63","3","1","4.03","1.30","26","48","27","8","61","0","2","0","0%"
"Chayce McDermott","BAL","SP","23.6","25","1","0","4.51","1.43","12","21","12","3","15","2","1","0","0%"
"Bailey Falter","PIT","SP","77.6","61","4","0","4.43","1.30","38","81","20","12","48","7","5","0","0%"
"Ryan Thompson","ARI","RP","55.0","47","3","0","4.03","1.32","25","54","18","6","56","0","3","0","0%"
"Jay Jackson","MIN","RP","46.5","49","3","0","4.05","1.24","21","42","15","7","47","0","2","0","0%"
"Justin Topa","MIN","RP","57.9","50","3","1","4.08","1.33","26","58","19","6","61","0","3","0","1%"
"Trevor Richards","TOR","RP","53.8","68","2","0","4.12","1.27","25","45","24","8","52","0","3","0","0%"
"Kyle Freeland","COL","SP","157.9","102","7","0","5.41","1.50","95","189","49","28","29","29","12","0","1%"
"Dauri Moreta","PIT","RP","24.7","28","2","0","3.85","1.20","11","20","9","3","26","0","1","0","0%"
"Luis L. Ortiz","PIT","SP","106.0","81","5","0","4.81","1.49","57","111","47","14","34","18","7","0","0%"
"Luke Jackson","SF","RP","56.2","60","3","1","3.99","1.35","25","52","24","7","58","0","3","0","0%"
"Dylan Dodd","ATL","SP","22.7","17","1","0","4.92","1.42","12","25","7","4","15","2","1","0","0%"
"Victor Gonzalez","NYY","RP","51.3","50","3","0","3.97","1.33","23","47","21","5","54","0","3","0","0%"
"Noah Syndergaard","","SP","61.4","42","3","0","5.17","1.37","35","69","15","11","12","12","4","0","4%"
"Jimmy Herget","LAA","RP","35.4","33","2","0","4.50","1.34","18","34","13","6","37","0","2","0","0%"
"Blake Treinen","LAD","RP","45.3","46","3","0","3.97","1.27","20","41","16","6","48","0","2","0","1%"
"Robby Snelling","SD","SP","9.8","8","1","0","4.64","1.38","5","10","4","1","2","2","1","0","1%"
"Scott Alexander","OAK","SP,RP","42.1","31","3","0","3.81","1.29","18","42","12","4","46","0","3","0","0%"
"Jose Suarez","LAA","SP","61.5","57","3","0","4.58","1.39","31","61","25","9","37","5","4","0","0%"
"Luis Patino","SD","RP","40.3","34","2","0","4.76","1.46","21","39","19","6","34","1","2","0","0%"
"Luis Gil","NYY","SP","48.0","56","3","0","4.21","1.35","22","40","25","7","23","6","2","0","2%"
"Scott McGough","ARI","RP","56.7","62","3","2","4.12","1.32","26","52","23","7","58","0","3","0","0%"
"Quinn Priester","PIT","SP","86.9","70","5","0","4.63","1.43","45","89","36","10","30","14","6","0","1%"
"Joe Mantiply","ARI","RP","53.1","45","3","0","3.94","1.29","23","54","14","6","54","0","3","0","0%"
"Nick Burdi","NYY","RP","43.6","54","1","0","4.48","1.37","22","38","22","6","46","0","2","0","0%"
"Tristan Beck","SF","RP","53.7","45","3","0","4.54","1.36","27","55","18","7","20","7","3","0","0%"
"Matt Waldron","SD","SP","84.4","66","4","0","4.76","1.35","45","87","27","14","21","14","5","0","0%"
"Chris Devenski","TB","RP","57.8","56","3","0","4.37","1.25","28","55","17","9","55","0","3","0","0%"
"Tyler Alexander","TB","RP","56.5","49","3","0","4.49","1.26","28","57","14","9","42","3","3","0","0%"
"Keynan Middleton","STL","RP","50.1","55","2","0","3.94","1.28","22","44","20","7","52","0","2","0","0%"
"Joey Cantillo","CLE","SP","29.0","28","2","0","4.27","1.37","14","27","13","4","6","6","2","0","0%"
"Isaiah Campbell","BOS","RP","54.7","53","4","0","4.21","1.37","26","53","22","7","54","0","3","0","0%"
"Mick Abel","PHI","SP","43.1","40","2","0","5.07","1.50","24","42","22","7","21","5","3","0","2%"
"Scott Effross","NYY","RP","29.6","27","2","0","4.02","1.26","13","29","9","4","31","0","1","0","1%"
"Albert Suarez","BAL","RP,SP","19.0","18","0","0","5.68","1.53","12","20","9","3","19","0","0","0","0%"
"Miguel Castro","ARI","RP","58.5","58","4","2","4.17","1.35","27","53","26","7","63","0","4","0","1%"
"Josh Winckowski","BOS","RP","86.7","76","4","1","4.29","1.37","41","89","31","10","62","5","5","0","1%"
"Trevor Gott","OAK","RP","57.3","55","2","3","4.20","1.31","27","55","21","7","61","0","4","0","0%"
"Fernando Cruz","CIN","RP","59.2","76","3","1","4.09","1.30","27","51","26","9","60","0","3","0","0%"
"Tekoah Roby","STL","SP","11.0","9","0","0","4.87","1.42","6","11","4","2","2","2","1","0","1%"
"Jesse Chavez","CWS","RP","45.2","45","2","0","4.15","1.33","21","44","16","6","47","0","2","0","2%"
"Cionel Perez","BAL","RP","54.1","50","3","0","3.95","1.40","24","51","25","5","60","0","3","0","0%"
"Bryan Shaw","CWS","RP","22.3","20","1","0","4.56","1.44","11","22","10","3","23","0","1","0","2%"
"Colin Holderman","PIT","RP","58.4","56","2","1","4.02","1.34","26","54","24","6","61","0","3","0","2%"
"Ronel Blanco","HOU","SP,RP","74.2","76","4","0","4.54","1.40","37","69","35","12","55","4","4","0","0%"
"Drew Smith","NYM","RP","56.9","60","3","1","4.31","1.32","27","51","24","9","59","0","4","0","0%"
"Kyle Nelson","ARI","RP","46.6","49","3","0","4.09","1.32","21","43","19","6","51","0","3","0","0%"
"Jose Butto","NYM","SP","31.5","28","1","0","4.62","1.37","16","31","12","4","19","3","2","0","0%"
"Tommy Henry","ARI","SP","75.4","59","4","0","4.81","1.45","40","78","31","11","26","11","4","0","0%"
"Tanner Rainey","WSH","RP","54.7","63","2","4","4.59","1.40","28","48","29","8","57","0","3","0","0%"
"Dillon Tate","BAL","RP","54.8","43","3","1","4.31","1.31","26","54","18","6","57","0","3","0","0%"
"Rafael Montero","HOU","RP","59.0","63","3","0","4.22","1.33","28","55","23","7","61","0","3","0","0%"
"Huascar Ynoa","ATL","SP","46.8","48","3","0","4.45","1.35","23","45","18","7","26","5","3","0","0%"
"Michael Tonkin","NYM","RP","54.3","55","3","0","4.37","1.27","26","50","20","8","55","0","3","0","0%"
"Tejay Antone","CIN","SP,RP","42.4","42","2","0","4.51","1.39","21","41","18","6","43","0","2","0","0%"
"Michael Fulmer","BOS","RP","37.0","39","2","0","3.91","1.30","16","33","15","4","33","0","2","0","1%"
"Tanner Banks","CWS","RP","54.3","48","2","0","4.25","1.29","26","55","15","8","54","0","3","0","0%"
"Chase Hampton","NYY","SP","25.6","24","2","0","4.71","1.35","13","26","9","4","6","4","2","0","1%"
"Luke Little","CHC","RP","38.7","48","2","0","3.75","1.37","16","31","22","4","41","0","2","0","0%"
"Spencer Arrighetti","HOU","SP","15.8","15","1","0","4.72","1.39","8","15","7","2","7","2","1","0","0%"
"Corey Knebel","CWS","RP","33.2","33","1","3","4.64","1.41","17","31","16","5","36","0","1","0","0%"
"Mike Vasil","NYM","SP","10.2","10","0","0","4.59","1.34","5","10","4","1","2","2","0","0","0%"
"Keegan Akin","BAL","RP","40.7","42","2","0","4.03","1.28","18","39","13","5","39","0","2","0","0%"
"Tim Herrin","CLE","RP","46.2","49","3","0","3.87","1.33","20","41","20","5","48","0","2","0","0%"
"Zach Brzykcy","WSH","RP","17.9","19","1","0","4.41","1.39","9","16","9","2","18","0","1","0","0%"
"Andrew Saalfrank","ARI","RP","57.1","59","3","0","3.86","1.41","24","52","29","5","59","0","3","0","0%"
"Luis Garcia","LAA","RP","58.5","56","3","0","4.09","1.34","27","57","21","7","61","0","3","0","0%"
"Nick Robertson","STL","RP","43.4","44","2","0","3.89","1.27","19","40","16","5","44","0","2","0","0%"
"Brandon Bielak","HOU","SP","50.5","44","3","0","4.29","1.40","24","50","21","6","45","1","3","0","0%"
"Davis Daniel","LAA","SP,RP","39.7","32","2","0","5.02","1.43","22","41","16","7","23","4","3","0","0%"
"Naoyuki Uwasawa","TB","SP","24.9","19","1","0","4.58","1.38","13","25","9","4","18","2","1","1","0%"
"Bennett Sousa","HOU","RP","53.2","55","3","0","4.14","1.33","25","49","22","7","52","0","3","0","0%"
"Ron Marinaccio","NYY","RP","52.8","59","3","0","4.33","1.36","25","44","28","7","54","0","3","0","0%"
"Slade Cecconi","ARI","SP","42.2","35","2","0","4.49","1.30","21","44","11","6","26","4","2","0","0%"
"Julio Urias","","SP","20.1","19","1","0","4.05","1.20","9","19","5","3","4","4","1","0","3%"
"Austin Gomber","COL","SP","142.6","100","7","0","5.37","1.47","85","164","46","26","27","27","11","1","0%"
"Bryan Baker","BAL","RP","42.0","44","2","0","4.01","1.32","19","36","19","5","44","0","2","0","0%"
"Kyle Muller","OAK","SP,RP","65.6","57","2","0","4.61","1.45","34","66","30","8","49","4","4","0","0%"
"Jake Eder","CWS","SP","43.8","38","2","0","5.00","1.48","24","43","21","7","9","9","4","0","0%"
"Liam Hendriks","BOS","RP","13.3","17","1","0","3.55","1.13","5","11","4","2","13","0","1","0","1%"
"Joe Barlow","CWS","RP","10.4","9","1","0","4.58","1.37","5","10","4","2","13","0","1","0","0%"
"Zack Greinke","","SP","78.3","52","4","0","4.68","1.33","41","87","17","13","15","15","5","0","6%"
"Daniel Palencia","CHC","RP","45.6","50","2","0","4.34","1.38","22","40","23","6","44","0","2","0","0%"
"Connor Brogdon","PHI","RP","51.1","52","3","0","4.27","1.31","24","47","19","8","53","0","2","0","0%"
"Daniel Lynch IV","KC","SP","90.2","73","5","0","4.84","1.42","48","96","33","13","26","16","6","0","0%"
"Manuel Rodriguez","TB","RP","32.0","33","2","0","4.02","1.36","14","29","14","4","34","0","2","0","0%"
"Elvis Peguero","MIL","RP","52.2","48","3","0","4.19","1.34","24","49","20","6","54","0","3","0","0%"
"Jackson Kowar","SEA","RP","13.5","13","1","0","5.05","1.50","8","14","7","2","8","0","1","0","0%"
"Gordon Graceffo","STL","SP","11.2","8","0","0","4.64","1.39","6","12","4","2","2","2","1","0","0%"
"Ray Kerr","ATL","RP","37.5","43","2","0","4.06","1.40","17","34","19","4","39","0","2","0","0%"
"Royber Salinas","OAK","SP","8.6","9","0","0","4.27","1.40","4","8","4","1","7","0","1","0","0%"
"Luke Weaver","NYY","SP","63.3","59","3","0","4.76","1.36","33","66","20","11","47","4","3","0","0%"
"Jairo Iriarte","CWS","SP","38.2","36","2","0","4.88","1.43","21","37","18","6","10","7","3","0","1%"
"Carmen Mlodzinski","PIT","RP","57.1","52","3","1","4.27","1.39","27","55","24","7","59","0","4","0","0%"
"Tayler Saucedo","SEA","RP","55.6","52","3","0","4.03","1.35","25","52","24","6","60","0","3","0","0%"
"Bryan Hudson","MIL","RP","45.1","48","2","0","3.90","1.34","20","41","20","5","45","0","2","0","0%"
"Zach Jackson","OAK","RP","43.8","52","2","0","4.12","1.40","20","37","25","5","47","0","3","0","0%"
"Cristian Mena","ARI","SP","24.6","22","1","0","4.64","1.43","13","25","10","3","12","3","1","0","0%"
"Sam Moll","CIN","RP","55.1","58","2","0","4.16","1.37","26","49","26","6","57","0","3","0","0%"
"Eduard Bazardo","SEA","RP","35.3","34","2","0","4.01","1.25","16","33","11","5","34","0","2","0","0%"
"Anthony Maldonado","MIA","RP","39.7","43","3","0","4.02","1.28","18","36","15","5","39","0","2","0","0%"
"Jaden Hill","COL","SP","26.7","23","1","0","5.53","1.62","16","29","14","4","28","0","1","0","0%"
"Jordan Lyles","KC","SP","122.8","87","6","0","5.39","1.41","74","136","38","23","27","21","10","2","1%"
"Trevor Williams","WSH","SP","103.8","81","4","0","5.12","1.45","59","115","35","19","36","16","7","0","0%"
"Brennan Bernardino","BOS","SP,RP","55.0","56","2","0","4.12","1.36","25","53","22","6","59","0","2","0","0%"
"Anthony Bass","","RP","26.6","26","2","0","4.09","1.29","12","25","10","4","27","0","1","0","1%"
"Jacob Lopez","TB","RP,SP","19.7","20","1","0","3.81","1.27","8","18","7","2","15","1","1","0","1%"
"Justin Slaten","BOS","RP","46.8","49","3","0","4.92","1.50","26","47","23","7","48","0","3","0","0%"
"Beau Brieske","DET","RP","54.5","48","2","1","4.22","1.29","26","52","18","7","55","0","3","0","0%"
"Xzavion Curry","CLE","SP,RP","66.0","52","3","0","4.67","1.34","34","67","21","11","44","5","3","0","0%"
"Cody Morris","NYY","RP","35.3","39","2","0","4.19","1.36","16","32","16","5","37","0","2","0","0%"
"Ty Adcock","SEA","RP","26.5","23","1","0","4.06","1.19","12","25","6","4","26","0","1","0","0%"
"Matt Canterino","MIN","SP","18.9","18","1","0","4.42","1.35","9","17","8","3","4","4","1","0","0%"
"Drew Carlton","SD","RP","26.2","24","2","0","3.84","1.19","11","24","7","3","26","0","1","0","0%"
"JT Chargois","MIA","SP,RP","53.0","48","2","0","4.27","1.37","25","50","22","6","56","0","2","0","0%"
"Seth Martinez","HOU","RP","47.7","47","2","0","4.16","1.32","22","44","19","6","48","0","2","0","0%"
"Clayton Beeter","NYY","SP","68.9","71","4","0","4.64","1.41","36","63","33","11","30","10","4","0","1%"
"Phil Bickford","NYM","RP","41.0","45","2","0","4.31","1.30","20","36","17","6","43","0","2","0","0%"
"Daysbel Hernandez","ATL","RP","45.6","52","3","0","4.29","1.40","22","41","23","6","46","0","3","0","0%"
"Greg Weissert","BOS","RP","52.6","56","3","1","4.35","1.40","25","49","25","6","54","0","3","0","0%"
"Victor Vodnik","COL","RP","33.0","32","2","0","4.59","1.50","17","33","17","4","33","0","2","0","0%"
"Jarlin Garcia","","RP","29.8","27","1","0","4.21","1.27","14","28","10","4","29","0","2","0","0%"
"Matt Festa","SD","RP","27.0","29","1","0","4.02","1.26","12","22","12","4","27","0","1","0","0%"
"Joey Estes","OAK","SP","48.1","39","2","0","4.65","1.32","25","47","16","8","28","5","3","0","0%"
"Cade Smith","CLE","SP,RP","43.0","48","2","0","4.13","1.35","20","38","20","6","43","0","3","0","0%"
"Darius Vines","ATL","RP,SP","28.3","25","2","0","4.36","1.33","14","28","9","4","26","0","1","0","1%"
"Tyler Matzek","ATL","RP","50.3","52","3","0","4.32","1.44","24","45","27","6","53","0","2","0","0%"
"Nick Ramirez","NYY","RP","34.1","28","2","0","4.20","1.34","16","35","11","4","32","0","1","0","0%"
"Thyago Vieira","MIL","RP","26.6","29","1","0","4.16","1.31","12","24","11","4","26","0","2","0","0%"
"Alek Jacob","SD","RP","30.8","29","2","0","4.17","1.29","14","29","11","4","30","0","1","0","0%"
"Simeon Woods Richardson","MIN","SP,RP","34.4","29","2","0","4.59","1.41","18","34","14","4","14","5","2","0","0%"
"Nick Vespi","BAL","RP","32.4","30","2","0","4.11","1.32","15","31","11","4","32","0","1","0","0%"
"Will Dion","CLE","RP,SP","20.7","20","3","0","3.69","1.30","9","20","7","2","12","2","3","0","0%"
"Luis F. Ortiz","PHI","RP","26.8","22","1","0","4.58","1.36","14","28","9","4","27","0","1","0","0%"
"Parker Mushinski","HOU","RP","33.6","33","2","0","4.02","1.33","15","32","13","4","35","0","1","0","0%"
"Genesis Cabrera","TOR","RP","54.9","55","3","0","4.29","1.36","26","50","24","8","58","0","3","0","0%"
"Mason Montgomery","TB","SP","20.4","18","1","0","4.80","1.40","11","20","8","4","4","4","1","0","0%"
"Peter Strzelecki","ARI","RP","33.2","34","2","0","4.27","1.33","16","31","13","4","35","0","2","0","0%"
"Chris Stratton","KC","RP","63.1","59","3","0","4.28","1.35","30","62","23","8","62","0","3","0","0%"
"Bryse Wilson","MIL","RP","63.2","50","3","0","4.47","1.31","31","65","18","10","56","1","3","0","1%"
"Brad Boxberger","","RP","38.4","36","2","0","4.67","1.40","20","36","18","6","40","0","2","0","1%"
"Carlos Rodriguez","MIL","SP","25.9","24","1","0","4.70","1.39","14","24","12","4","5","5","2","0","0%"
"Ryan Fernandez","STL","RP","45.2","39","3","0","4.07","1.33","20","45","16","6","45","0","3","0","0%"
"Kris Bubic","KC","SP","21.8","20","1","0","4.08","1.33","10","21","9","2","6","2","1","0","1%"
"Robert Garcia","WSH","RP","57.0","59","3","0","4.30","1.39","27","52","27","7","57","0","3","0","0%"
"J.B. Bukauskas","MIL","RP","34.9","33","2","0","4.13","1.35","16","33","14","4","36","0","2","0","0%"
"Carlos Hernandez","KC","SP,RP","54.6","54","2","0","4.54","1.38","28","52","24","7","50","0","4","0","0%"
"Angel Perdomo","ATL","RP","11.1","15","1","0","3.80","1.32","5","9","6","1","11","0","1","0","0%"
"Jake Diekman","NYM","RP","56.2","68","3","0","4.15","1.43","26","46","34","7","60","0","3","0","0%"
"Yency Almonte","CHC","RP","47.7","50","2","0","4.25","1.35","23","43","22","6","49","0","2","0","0%"
"Tyson Miller","SEA","RP","31.9","30","2","0","4.24","1.32","15","30","12","4","32","0","2","0","0%"
"John King","STL","RP","47.5","32","3","0","3.90","1.37","21","51","14","4","44","0","3","0","0%"
"Ryan Tepera","","RP","26.4","24","1","0","4.38","1.32","13","24","10","4","27","0","2","0","0%"
"Brad Hand","","RP","37.3","36","2","0","4.36","1.37","18","35","16","5","39","0","2","0","1%"
"Nick Frasso","LAD","SP","9.8","11","1","0","3.84","1.27","4","8","4","1","7","1","1","0","1%"
"Lou Trivino","NYY","RP","20.2","21","1","0","4.30","1.37","10","19","9","3","21","0","1","0","0%"
"Jorge Alcala","MIN","RP","42.5","43","2","0","4.37","1.31","21","39","17","6","42","0","2","0","0%"
"Jacob Webb","BAL","RP","55.2","56","3","0","4.32","1.35","26","50","24","7","57","0","3","0","0%"
"Trent Thornton","SEA","RP","53.5","47","3","0","4.27","1.33","25","52","19","8","53","0","3","0","0%"
"Mitch Spence","OAK","SP","55.7","45","2","0","4.24","1.34","26","56","18","7","38","4","3","0","0%"
"Anthony Gose","CLE","RP","16.1","20","1","0","3.98","1.33","7","13","8","2","18","0","1","0","0%"
"Angel Zerpa","KC","RP","49.8","40","3","0","4.31","1.35","24","51","16","6","34","4","3","0","0%"
"Tony Santillan","CIN","RP","29.6","30","1","0","4.96","1.53","16","29","17","4","30","0","2","0","0%"
"Cody Poteet","NYY","RP","32.9","31","2","0","4.47","1.33","16","31","13","5","32","1","2","0","0%"
"Trevor Brigden","TB","RP","27.7","28","2","0","4.25","1.31","13","26","11","4","27","0","2","0","0%"
"DJ Herz","WSH","SP","15.0","17","1","0","4.58","1.47","8","13","9","2","15","0","1","0","0%"
"Adrian Morejon","SD","RP","39.4","38","2","0","4.20","1.32","18","37","15","5","39","0","2","0","0%"
"Jeremiah Estrada","SD","RP","48.9","57","2","1","4.36","1.41","24","42","27","7","51","0","2","0","0%"
"Jackson Stephens","ATL","RP","31.5","28","2","0","4.36","1.37","15","32","12","4","31","0","1","0","0%"
"Richard Lovelady","CHC","RP","18.4","18","1","0","3.87","1.27","8","16","7","2","18","0","1","0","0%"
"Mitch White","TOR","RP","56.0","51","2","0","4.41","1.35","27","55","21","7","49","2","3","0","0%"
"Taylor Clarke","MIL","RP","58.0","59","3","0","4.46","1.33","29","57","20","10","58","0","4","0","0%"
"Pedro Avila","SD","SP,RP","57.9","54","3","0","4.48","1.41","29","55","27","7","37","6","3","0","0%"
"Brendan White","DET","RP","26.0","25","1","0","4.03","1.29","12","25","9","2","27","0","2","0","0%"
"Touki Toussaint","CWS","SP","48.4","47","3","0","4.64","1.48","25","45","27","6","34","3","3","0","0%"
"Jose Quijada","LAA","RP","14.6","17","1","0","4.28","1.33","7","12","7","2","16","0","1","0","0%"
"Adam Cimber","LAA","RP","50.6","35","3","0","4.76","1.35","27","55","14","7","54","0","3","0","0%"
"Diego Castillo","TEX","RP","16.2","15","1","1","4.69","1.42","8","15","8","2","17","0","1","0","1%"
"Brett Martin","","RP","26.3","22","1","0","3.97","1.34","12","27","9","3","27","0","2","0","0%"
"Ryan Feltner","COL","SP","101.2","85","5","0","5.30","1.50","60","109","43","16","20","20","7","0","0%"
"JT Brubaker","PIT","SP","18.9","18","1","0","4.42","1.36","9","19","6","3","14","1","1","0","0%"
"Huascar Brazoban","MIA","RP","35.0","39","1","0","4.12","1.39","16","31","17","4","36","0","2","0","0%"
"Jake Latz","TEX","SP,RP","40.1","43","2","0","4.18","1.35","19","36","18","6","40","0","2","0","0%"
"Sean Reid-Foley","NYM","RP","48.3","60","2","0","4.31","1.42","23","41","28","6","48","0","3","0","0%"
"Ian Gibaut","CIN","RP","54.4","55","3","0","4.46","1.40","27","53","23","7","56","0","3","0","1%"
"Jay Groome","SD","SP","22.9","20","1","0","4.95","1.52","13","22","12","4","10","3","1","0","0%"
"Matt Bush","","SP,RP","26.5","28","1","0","4.32","1.30","13","24","10","4","27","0","1","0","1%"
"Jovani Moran","MIN","RP","12.5","15","0","0","3.93","1.34","5","10","7","1","12","0","0","0","0%"
"Keider Montero","DET","SP","18.4","17","1","0","4.23","1.30","9","18","6","2","19","0","1","0","0%"
"Jesse Scholtens","CWS","SP,RP","49.1","37","2","0","5.20","1.46","28","55","17","9","13","8","3","0","0%"
"Peter Lambert","COL","SP,RP","106.2","83","4","0","5.43","1.50","64","119","40","19","31","18","8","0","0%"
"Penn Murfee","ATL","RP","17.7","19","1","0","4.14","1.29","8","16","7","2","19","0","1","0","0%"
"Miguel Diaz","DET","RP","43.6","42","2","0","4.24","1.37","20","41","18","5","42","0","2","0","0%"
"Grant Anderson","TEX","RP","48.5","48","2","0","4.33","1.35","23","46","19","7","46","0","2","0","0%"
"Zach Pop","TOR","RP","27.3","23","1","0","4.14","1.33","13","27","9","3","29","0","1","0","0%"
"Aaron Loup","","RP","39.0","35","2","0","4.19","1.36","18","40","14","5","40","0","2","0","0%"
"Daulton Jefferies","SF","SP","48.5","38","3","0","4.43","1.29","24","52","11","7","40","3","3","0","0%"
"Mychal Givens","MIA","RP","36.5","35","2","0","4.69","1.42","19","35","17","5","40","0","2","0","0%"
"Brent Suter","CIN","RP","65.7","55","3","1","4.38","1.40","32","67","24","9","65","0","4","0","0%"
"Riley O'Brien","STL","RP","48.3","49","3","0","4.22","1.42","23","44","24","5","51","0","2","0","0%"
"Nic Enright","CLE","RP","12.7","12","1","0","4.09","1.24","6","12","4","2","13","0","1","0","0%"
"Landon Knack","LAD","SP","15.5","14","1","0","4.41","1.31","8","16","5","2","15","0","1","0","0%"
"T.J. Brock","TOR","RP","12.9","14","1","0","4.26","1.35","6","12","6","1","13","0","1","0","0%"
"Victor Arano","","RP","27.4","28","1","0","4.13","1.30","13","25","10","3","28","0","1","0","0%"
"Ethan Roberts","CHC","RP","17.1","16","1","0","4.03","1.30","8","16","6","2","17","0","1","0","0%"
"Pierson Ohl","MIN","P","11.2","9","1","0","4.40","1.25","5","12","2","2","11","0","1","0","0%"
"Angel Felipe","OAK","RP","28.1","31","1","0","4.14","1.53","13","23","20","2","27","0","2","0","0%"
"Elieser Hernandez","LAD","SP,RP","16.8","18","1","0","4.36","1.22","8","16","5","3","16","0","1","0","0%"
"Kyle Crick","NYM","RP","18.9","20","1","0","4.19","1.39","9","15","11","2","20","0","1","0","0%"
"Marc Church","TEX","RP","51.7","53","4","0","4.45","1.41","26","49","24","7","51","0","3","0","0%"
"Matthew Boyd","","RP,SP","24.9","25","1","0","4.42","1.32","12","24","9","4","5","5","2","0","1%"
"Drew VerHagen","","RP","45.6","44","3","0","4.46","1.37","23","44","18","6","45","0","2","0","0%"
"Josh Staumont","MIN","RP","38.6","45","2","0","4.31","1.38","18","32","21","5","41","0","2","0","0%"
"Grant Hartwig","NYM","RP","27.0","26","2","0","4.27","1.40","13","25","12","3","26","0","2","0","0%"
"Connor Cooke","TOR","SP,RP","9.7","10","1","0","3.92","1.30","4","9","4","1","10","0","1","0","0%"
"Colby White","TB","SP,RP","23.0","26","1","0","4.32","1.39","11","20","12","3","23","0","1","0","0%"
"Oliver Ortega","HOU","RP","27.0","27","1","0","4.20","1.35","13","25","11","3","25","0","2","0","0%"
"Austin Adams","NYM","RP","32.5","42","2","0","4.70","1.35","17","26","18","5","37","0","2","0","0%"
"Mauricio Llovera","SEA","RP","20.0","19","1","0","4.21","1.33","9","19","8","3","20","0","1","0","0%"
"Carl Edwards Jr.","CHC","RP","35.9","32","2","1","4.33","1.39","17","35","15","5","38","0","2","0","1%"
"Hayden Juenger","TOR","SP","13.2","13","1","0","4.35","1.33","6","12","5","2","15","0","1","0","0%"
"Justin Wilson","CIN","RP","42.1","40","2","0","4.42","1.38","21","41","17","6","42","0","2","0","0%"
"Codi Heuer","","RP","27.5","24","2","0","4.18","1.35","13","27","11","3","27","0","1","0","0%"
"Josh Walker","NYM","RP","10.0","10","1","0","4.17","1.33","5","9","4","1","11","0","0","0","0%"
"Jake Cousins","CWS","RP","20.6","23","1","0","3.99","1.31","9","17","10","3","21","0","1","0","0%"
"Colton Gordon","HOU","SP","9.5","9","1","0","4.33","1.31","5","9","4","1","9","0","0","0","0%"
"Braxton Ashcraft","PIT","SP","32.6","28","1","0","4.37","1.35","16","33","11","4","29","1","1","0","0%"
"Sammy Peralta","CWS","RP","22.5","20","1","0","4.31","1.35","11","22","8","3","22","0","1","0","0%"
"Jose Cisnero","LAA","RP","50.0","54","3","0","4.42","1.40","25","46","24","7","54","0","3","0","0%"
"Jackson Wolf","PIT","SP","16.1","14","1","0","4.51","1.37","8","16","6","3","14","1","1","0","0%"
"Jose Cuas","CHC","RP","55.3","55","3","0","4.21","1.39","26","52","25","6","59","0","3","0","0%"
"Brent Headrick","MIN","RP","27.9","28","1","0","4.44","1.32","14","27","10","4","20","2","2","0","0%"
"Jeff Brigham","MIN","RP","22.2","24","1","0","4.65","1.33","11","19","10","3","22","0","1","0","0%"
"Freddy Tarnok","OAK","RP,SP","21.9","21","1","0","4.37","1.38","11","21","10","3","20","1","1","0","0%"
"Jacob Waguespack","TB","SP,RP","39.2","36","2","0","4.28","1.35","19","38","15","5","34","2","2","0","0%"
"Max Kranick","NYM","SP,RP","17.4","14","1","0","4.38","1.35","8","17","6","2","18","0","1","0","0%"
"Tommy Nance","SD","RP","15.7","17","1","0","4.16","1.33","7","14","7","2","16","0","1","0","0%"
"Ethan Small","SF","RP","39.1","40","2","0","4.20","1.43","18","36","20","4","39","0","2","0","0%"
"Anthony Misiewicz","NYY","RP","14.3","13","1","0","4.52","1.35","7","14","5","2","16","0","1","0","0%"
"Cole Sulser","NYM","RP","20.7","23","1","0","4.06","1.32","9","19","9","3","18","0","1","0","0%"
"Josh Simpson","MIA","RP","20.4","23","1","0","4.11","1.42","9","18","11","2","20","0","1","0","0%"
"Shawn Dubin","HOU","RP,SP","21.5","23","1","0","4.15","1.38","10","19","10","3","21","0","1","0","0%"
"Francisco Perez","OAK","RP","13.4","14","1","0","4.22","1.39","6","11","7","1","10","0","1","0","0%"
"Packy Naughton","STL","SP,RP","17.5","14","1","0","3.83","1.31","7","18","5","1","9","0","1","0","0%"
"Blayne Enlow","SF","SP,RP","14.0","12","2","0","4.40","1.41","7","15","4","2","9","1","2","0","0%"
"Ryder Ryan","PIT","RP,SP","19.8","17","1","0","4.52","1.46","10","19","10","2","20","0","1","0","0%"
"Wes Parsons","TOR","SP","24.9","24","1","0","4.31","1.38","12","24","10","3","23","1","1","0","0%"
"Ryan Burr","PHI","RP","19.3","16","1","0","4.63","1.40","10","19","8","3","17","0","2","0","0%"
"Matt Foster","CWS","RP","12.6","12","1","0","4.59","1.33","6","12","5","2","13","0","1","0","0%"
"Vinny Nittoli","OAK","RP","21.6","20","1","0","4.39","1.34","11","21","8","3","22","0","1","0","0%"
"Zak Kent","TEX","SP","11.9","11","0","0","4.52","1.37","6","12","4","2","8","1","1","0","0%"
"Yoendrys Gomez","NYY","SP,RP","16.4","16","1","0","4.41","1.37","8","15","7","2","16","0","1","0","0%"
"Thomas Szapucki","SF","RP","11.2","12","1","0","4.07","1.39","5","10","6","1","6","0","1","0","0%"
"Dominic Hamel","NYM","SP","6.6","6","0","0","4.41","1.41","3","7","3","1","5","0","0","0","0%"
"Clayton Andrews","NYY","RP","18.2","20","1","0","4.32","1.38","9","16","9","2","19","0","1","0","0%"
"Yohan Ramirez","NYM","RP","32.8","34","1","0","4.38","1.40","16","29","17","4","33","0","2","0","0%"
"Danny Young","NYM","RP","15.2","15","1","0","4.02","1.42","7","14","8","1","15","0","1","0","0%"
"Logan Gillaspie","SD","RP","15.6","13","1","0","4.39","1.35","8","16","5","2","17","0","1","0","0%"
"Austin Pruitt","TEX","RP,SP","31.1","24","2","0","4.59","1.31","16","33","8","6","26","0","2","0","0%"
"Kai-Wei Teng","SF","SP","47.8","49","2","0","4.47","1.43","24","44","24","5","31","4","3","0","0%"
"Darren McCaughan","MIA","SP,RP","14.4","11","1","0","4.68","1.32","7","16","3","2","12","0","1","0","0%"
"Richard Fitts","BOS","SP","8.1","6","1","0","4.86","1.42","4","9","2","2","2","2","0","0","0%"
"Wander Suero","HOU","RP","15.1","14","1","0","4.71","1.40","8","15","6","2","16","0","1","0","0%"
"Alex Reyes","","SP,RP","24.7","29","2","0","4.55","1.50","12","21","16","3","24","0","2","0","0%"
"Andrew Vasquez","DET","RP","20.3","20","1","0","4.25","1.41","10","18","10","2","21","0","1","0","0%"
"Michael Mercado","PHI","SP,RP","11.7","11","1","0","4.75","1.42","6","12","5","2","11","0","1","0","0%"
"Jordan Weems","WSH","RP","60.3","62","3","0","4.56","1.38","31","55","28","9","60","0","3","0","0%"
"Andrew Bellatti","PHI","RP","21.5","24","1","0","4.53","1.37","11","20","9","3","22","0","1","0","0%"
"Erik Sabrowski","CLE","RP","12.0","12","1","0","4.52","1.49","6","11","7","2","12","0","1","0","0%"
"Tyler Duffey","KC","RP","22.5","22","1","0","3.89","1.32","10","20","9","2","21","0","1","0","0%"
"Wilking Rodriguez","STL","RP","15.3","15","1","0","4.08","1.37","7","14","7","2","17","0","1","0","0%"
"Adam Kloffenstein","STL","SP","14.0","12","0","0","4.51","1.44","7","14","6","2","13","0","1","0","0%"
"Ian Anderson","ATL","SP","20.8","20","1","0","4.45","1.41","10","20","9","3","10","3","1","0","0%"
"Yerry Rodriguez","TEX","RP","26.4","28","1","0","4.26","1.36","12","24","12","3","28","0","1","0","0%"
"Lucas Luetge","BOS","RP","17.8","16","1","0","4.53","1.43","9","19","7","2","17","0","1","0","0%"
"Zach McCambley","MIA","RP,SP","9.5","8","0","0","4.65","1.43","5","10","4","1","9","0","0","0","0%"
"Davis Martin","CWS","SP,RP","9.8","9","1","0","5.17","1.38","6","10","3","2","6","1","1","0","0%"
"Kolton Ingram","NYM","RP","21.8","22","1","0","4.23","1.41","10","20","11","2","21","0","1","0","0%"
"Chris Rodriguez","ARI","SP,RP","18.7","19","1","0","4.07","1.46","8","17","10","1","15","0","1","0","0%"
"Devin Sweet","DET","RP","10.9","10","0","0","4.47","1.33","5","11","4","2","10","0","0","0","0%"
"Cody Laweryson","MIN","RP","11.8","11","0","0","4.49","1.35","6","12","4","2","12","0","0","0","0%"
"Austin Pope","ARI","RP","15.5","14","1","0","4.38","1.41","8","16","6","2","16","0","1","0","0%"
"Hunter Stratton","PIT","RP","31.4","32","2","0","4.42","1.43","15","28","17","4","33","0","2","0","0%"
"Austin Voth","SEA","RP","54.7","52","3","0","4.49","1.35","27","54","19","9","42","3","3","0","0%"
"R.J. Dabovich","SF","RP","23.1","24","1","0","4.47","1.41","11","21","11","3","23","0","1","0","0%"
"Julio Teheran","BAL","SP","30.7","22","2","0","4.75","1.34","16","32","9","5","13","4","2","0","3%"
"Andres Machado","","RP","26.6","23","1","0","4.45","1.34","13","26","9","4","24","0","1","0","0%"
"Antoine Kelly","TEX","SP,RP","23.5","23","1","0","4.71","1.49","12","22","13","3","21","1","1","0","0%"
"Michael Plassmeyer","PIT","RP,SP","20.3","17","2","0","4.30","1.36","10","22","6","3","15","2","2","0","0%"
"Ben Lively","CLE","SP,RP","55.8","49","3","0","4.52","1.34","28","57","18","9","43","2","3","0","0%"
"Austin Warren","SF","RP","16.0","14","1","0","4.58","1.44","8","16","7","2","17","0","1","0","0%"
"Matt Gage","LAD","RP","19.6","19","1","0","4.24","1.36","9","18","8","3","20","0","1","0","0%"
"Braydon Fisher","LAD","RP,SP","6.0","6","0","0","4.62","1.55","3","6","4","1","6","0","0","0","0%"
"Heath Hembree","SEA","RP","7.0","7","0","0","4.82","1.38","4","6","3","1","8","0","1","0","0%"
"Andre Pallante","STL","RP","59.8","44","3","1","3.99","1.43","27","62","24","5","60","0","3","0","0%"
"Brooks Kriske","CIN","RP","11.3","13","0","0","4.19","1.34","5","9","6","1","13","0","1","0","0%"
"Yosver Zulueta","TOR","SP,RP","18.4","19","1","0","4.44","1.45","9","17","10","2","18","0","1","0","0%"
"Austin Cox","KC","RP,SP","36.0","28","1","0","4.52","1.39","18","36","14","5","32","0","2","0","0%"
"Daniel Duarte","MIN","RP","26.4","23","1","0","4.61","1.46","14","25","13","3","28","0","1","0","0%"
"Andre Jackson","","SP,RP","30.9","30","1","0","4.56","1.42","16","28","16","4","14","2","2","0","0%"
"Dylan Coleman","HOU","RP","36.8","43","2","0","4.26","1.41","17","30","22","4","39","0","2","0","0%"
"Bailey Horn","CWS","RP","11.1","10","1","0","4.84","1.52","6","11","6","2","10","0","1","0","0%"
"Nick Snyder","PHI","RP","6.0","6","0","0","4.81","1.44","3","6","3","1","6","0","0","0","0%"
"Stephen Kolek","SD","SP,RP","39.3","33","2","0","4.45","1.42","19","39","17","4","41","0","2","0","0%"
"Erasmo Ramirez","TB","RP","21.8","17","1","0","4.49","1.34","11","23","6","3","17","0","1","0","0%"
"Andrew Wantz","LAA","RP","41.4","40","2","0","4.60","1.36","21","39","17","7","41","0","2","0","0%"
"Jose Castillo","ARI","RP","7.4","8","1","0","4.31","1.44","4","7","4","1","8","0","1","0","0%"
"Michael McGreevy","STL","SP","21.6","14","1","0","4.43","1.38","11","24","6","3","8","3","1","0","0%"
"Jhonathan Diaz","SEA","RP,SP","10.1","8","0","0","4.23","1.42","5","10","4","1","8","0","0","0","0%"
"Bruce Zimmermann","BAL","RP","38.0","32","2","0","4.38","1.33","19","40","10","5","22","3","2","0","0%"
"Ronny Henriquez","MIN","RP","17.6","16","1","0","4.86","1.46","10","18","8","3","17","0","1","0","0%"
"Ricky Vanasco","LAD","SP,RP","18.9","20","1","0","4.56","1.44","10","17","10","3","19","0","1","0","0%"
"Brad Wieck","CHC","RP","7.5","8","0","0","4.74","1.42","4","7","4","1","8","0","0","0","0%"
"Brendon Little","TOR","RP","20.0","17","1","0","4.28","1.47","10","20","9","2","21","0","1","0","0%"
"Carson Coleman","TEX","RP","22.5","24","1","0","4.56","1.41","11","20","11","3","22","0","1","0","0%"
"Rony Garcia","","SP,RP","12.3","12","1","0","4.86","1.36","7","12","5","2","9","1","1","0","0%"
"Zach McAllister","","RP","26.9","28","1","0","4.73","1.38","14","26","11","5","29","0","2","0","0%"
"Ben Heller","PIT","RP","15.9","14","1","0","4.19","1.38","7","15","7","1","16","0","1","0","0%"
"Justin Bruihl","CIN","RP","11.1","9","1","0","4.17","1.36","5","11","4","1","12","0","1","0","0%"
"Drew Pomeranz","LAA","RP","21.2","22","1","0","4.52","1.43","11","20","10","3","23","0","1","0","0%"
"Carson Seymour","SF","SP","12.0","11","2","0","4.20","1.51","6","14","4","1","12","0","2","0","0%"
"Trey Wingenter","DET","RP","28.7","31","1","0","4.49","1.34","14","26","13","4","30","0","1","0","0%"
"Mark Melancon","","RP","29.9","21","2","0","4.57","1.46","15","32","11","3","30","0","2","0","1%"
"Dan Altavilla","KC","RP","19.5","22","1","0","3.99","1.34","9","17","9","2","20","0","1","0","0%"
"Easton Lucas","OAK","RP","15.3","14","1","0","4.39","1.35","7","14","6","2","14","0","1","0","0%"
"Josh Winder","MIN","RP","31.5","27","2","0","4.55","1.37","16","32","11","4","30","0","2","0","0%"
"Yerry De Los Santos","NYY","RP","29.0","29","2","0","3.76","1.29","12","26","12","3","28","0","2","0","0%"
"Dugan Darnell","COL","RP","13.1","12","1","0","4.62","1.48","7","14","6","2","13","0","1","0","0%"
"German Marquez","COL","SP","28.8","25","1","0","4.72","1.37","15","30","10","4","5","5","2","0","0%"
"Shane Greene","TEX","RP,SP","23.8","23","1","1","4.96","1.54","13","24","12","4","21","0","1","0","0%"
"Joe La Sorsa","WSH","RP","32.9","25","1","0","4.47","1.33","16","34","10","4","32","0","2","0","0%"
"Dennis Santana","NYY","RP","20.0","20","1","0","4.60","1.44","10","19","10","3","20","0","1","0","0%"
"Cody Bolton","SEA","RP","22.5","22","1","0","4.26","1.37","11","21","10","3","23","0","1","0","0%"
"Rob Zastryzny","MIL","RP","13.7","13","1","0","4.77","1.47","7","14","6","2","14","0","1","0","0%"
"Austin Schulfer","MIN","RP","9.1","7","0","0","4.62","1.46","5","10","4","1","9","0","0","0","0%"
"T.J. McFarland","LAD","RP","9.0","7","1","0","4.41","1.46","4","10","3","1","10","0","1","0","0%"
"Nick Nastrini","CWS","SP","91.8","87","4","0","5.06","1.45","52","89","44","16","21","17","7","0","0%"
"Alex Young","CIN","RP","40.8","39","2","0","4.75","1.43","22","42","17","7","42","0","2","0","0%"
"Josh Taylor","KC","RP","37.8","40","2","0","4.38","1.38","18","37","15","5","40","0","2","0","0%"
"Matt Barnes","WSH","RP","32.5","32","2","0","4.71","1.41","17","31","15","4","35","0","2","0","0%"
"Vince Velasquez","","SP,RP","27.9","27","1","0","4.77","1.37","15","27","11","5","9","4","2","0","2%"
"Nabil Crismatt","LAD","RP","11.7","11","0","0","4.72","1.35","6","12","4","2","10","0","1","0","0%"
"Tim Cate","WSH","SP","12.8","10","1","0","4.64","1.47","7","13","5","2","14","0","1","0","0%"
"Chasen Shreve","TEX","RP","36.2","37","1","0","4.50","1.34","18","33","15","6","34","0","2","0","0%"
"Adrian Sampson","TEX","SP","12.4","9","1","0","4.83","1.53","7","15","4","2","8","1","2","0","0%"
"Derek Law","WSH","RP,SP","50.0","44","3","0","4.44","1.42","25","50","21","6","49","0","3","0","0%"
"Wily Peralta","PIT","RP,SP","20.0","15","1","0","4.14","1.48","9","20","10","2","15","0","1","0","0%"
"Reed Garrett","NYM","RP","18.9","17","1","0","4.68","1.47","10","19","9","2","20","0","1","0","0%"
"Albert Abreu","","RP","11.9","12","1","0","4.51","1.44","6","11","6","1","9","0","1","0","0%"
"Tayler Scott","HOU","RP","26.0","26","1","0","4.53","1.41","13","26","11","4","27","0","1","0","0%"
"Chih-Jung Liu","BOS","SP","11.4","10","2","0","4.57","1.57","6","13","5","2","11","0","2","0","0%"
"Justin Yeager","MIL","RP","18.1","19","1","0","4.66","1.49","9","17","10","3","18","0","1","0","0%"
"Jonathan Hernandez","TEX","RP","50.2","50","2","1","4.35","1.44","24","48","24","6","51","0","2","0","0%"
"Glenn Otto","SD","RP","24.7","24","1","0","4.44","1.36","12","23","11","3","23","1","1","0","0%"
"Trevor Kelley","SEA","RP,SP","12.8","11","1","0","4.68","1.35","7","13","4","2","14","0","1","0","0%"
"Grant Holmes","ATL","SP,RP","16.6","14","1","0","5.24","1.55","10","18","7","3","17","0","1","0","0%"
"Forrest Whitley","HOU","SP","23.7","24","1","0","4.83","1.50","13","22","13","4","25","0","1","0","0%"
"Dominic Leone","CWS","RP","35.0","36","1","0","4.57","1.39","18","33","16","6","37","0","2","0","0%"
"Logan Sawyer","STL","RP","12.0","10","1","0","4.94","1.49","7","13","5","2","13","0","1","0","0%"
"Keegan Thompson","CHC","RP","32.8","31","2","0","4.46","1.39","16","31","15","4","31","0","2","0","0%"
"Zack Weiss","MIN","RP","21.6","23","1","0","4.81","1.47","12","20","11","3","22","0","1","0","0%"
"Michael Kelly","OAK","RP","48.5","50","2","0","4.31","1.41","23","45","24","6","49","0","3","0","0%"
"Mitchell Parker","WSH","SP","13.8","13","1","0","4.85","1.49","7","14","7","2","8","2","1","0","0%"
"Roddery Munoz","MIA","RP,SP","19.7","18","1","0","4.56","1.47","10","20","10","2","20","0","1","0","0%"
"Caleb Kilian","CHC","RP,SP","21.8","18","1","0","4.42","1.41","11","23","8","3","16","2","1","0","0%"
"Colten Brewer","CHC","RP","11.6","11","0","0","5.03","1.52","6","12","6","2","11","0","1","0","0%"
"Michael Rucker","PHI","RP","23.0","22","1","0","4.65","1.37","12","23","9","3","23","0","1","0","0%"
"Jose A. Ferrer","WSH","RP","44.9","37","2","0","4.31","1.39","22","45","17","5","45","0","2","0","0%"
"Chad Smith","NYM","RP","14.8","15","1","0","4.46","1.51","7","14","9","2","13","0","1","0","0%"
"Kirby Snead","SEA","RP","15.2","14","1","0","4.18","1.39","7","15","6","2","16","0","1","0","0%"
"Victor Mederos","LAA","SP,RP","11.8","10","1","0","4.75","1.53","6","12","6","2","11","0","1","0","0%"
"Sam Long","KC","SP,RP","15.1","12","1","0","4.69","1.42","8","15","6","2","12","0","1","0","0%"
"Kolby Allard","PHI","SP","35.5","33","2","0","4.76","1.35","19","36","12","6","24","3","2","0","0%"
"Josh James","STL","SP,RP","7.4","7","0","0","4.91","1.48","4","7","4","1","8","0","0","0","0%"
"Daniel Robert","TEX","RP","13.2","13","0","0","4.78","1.47","7","13","6","2","13","0","1","0","0%"
"Patrick Monteverde","MIA","SP","9.8","8","0","0","4.52","1.39","5","10","4","1","10","0","1","0","0%"
"Shane Drohan","CWS","SP","23.3","21","2","0","4.66","1.53","12","24","11","3","23","0","3","0","0%"
"Joel Kuhnel","HOU","RP","18.2","14","1","0","4.54","1.36","9","19","6","2","17","0","1","0","0%"
"Cam Sanders","CHC","RP","16.4","17","1","0","4.74","1.52","9","15","10","2","17","0","1","0","0%"
"Ryan Jensen","MIN","SP,RP","18.5","17","1","0","4.99","1.64","10","16","14","2","17","1","1","0","0%"
"Kevin Kopps","SD","RP,SP","11.8","10","0","0","4.48","1.49","6","12","6","1","12","0","0","0","0%"
"Juan Then","","RP","18.1","14","1","0","4.78","1.46","10","19","7","3","17","0","1","0","0%"
"Joey Krehbiel","SEA","RP","19.5","17","1","0","6.44","1.78","14","21","13","5","16","0","2","0","0%"
"Christian Roa","CIN","SP","13.8","15","1","0","4.87","1.50","7","13","8","2","15","0","1","0","0%"
"Ryan Loutos","STL","RP","28.6","24","1","0","4.40","1.43","14","29","12","4","28","0","1","0","0%"
"Tyler Samaniego","PIT","RP","19.5","16","1","0","4.42","1.50","10","20","9","2","19","0","1","0","0%"
"McKinley Moore","NYY","RP","19.4","22","1","0","4.55","1.52","10","17","13","2","19","0","1","0","0%"
"Erik Miller","SF","RP","48.1","53","2","0","4.42","1.49","24","43","29","5","48","0","2","0","0%"
"Kade McClure","PIT","SP,RP","19.6","16","1","0","4.68","1.41","10","21","7","3","19","0","1","0","0%"
"Sem Robberse","STL","SP","10.3","7","0","0","4.90","1.42","6","11","4","1","2","2","1","0","0%"
"Dinelson Lamet","LAD","RP,SP","11.0","13","1","0","4.76","1.37","6","10","5","2","12","0","1","0","0%"
"Richard Bleier","WSH","RP","42.1","26","2","0","4.49","1.37","21","48","10","5","44","0","2","0","0%"
"Randy Dobnak","MIN","SP,RP","15.7","12","1","0","4.28","1.45","7","17","6","2","14","0","1","0","0%"
"Erich Uelmen","","RP","13.5","11","1","0","5.23","1.54","8","14","7","2","13","0","1","0","0%"
"Jonathan Bowlan","KC","SP","21.3","17","1","0","4.65","1.43","11","23","7","3","18","1","2","0","0%"
"Joe Jacques","BOS","RP","20.1","16","1","0","4.50","1.47","10","21","9","2","20","0","1","0","0%"
"Buck Farmer","CIN","RP","59.7","61","3","0","4.73","1.39","31","56","27","10","61","0","4","0","0%"
"Max Castillo","PHI","RP","18.6","15","1","0","4.58","1.36","9","19","6","3","19","0","1","0","0%"
"Luis Frias","ARI","RP","41.2","41","2","0","4.31","1.41","20","39","19","5","41","0","2","0","0%"
"Tyler Gilbert","CIN","RP,SP","19.2","15","1","0","4.78","1.45","10","20","7","3","13","0","1","0","0%"
"Taylor Lehman","PHI","RP","12.5","11","1","0","4.92","1.52","7","13","6","2","12","0","1","0","0%"
"Noah Skirrow","PHI","RP,SP","8.1","5","0","0","5.74","1.54","5","9","3","2","2","2","1","0","0%"
"Matt Krook","BAL","RP","14.9","15","1","0","4.35","1.50","7","14","9","2","16","0","1","0","0%"
"Hunter Strickland","LAA","RP","34.4","31","2","0","5.13","1.49","20","34","17","6","36","0","2","0","0%"
"Joely Rodriguez","BOS","RP","48.4","47","2","0","4.34","1.45","23","49","21","5","51","0","3","0","0%"
"Yunior Marte","PHI","RP","48.5","48","2","0","4.45","1.39","24","47","21","6","51","0","2","0","0%"
"Jose Ruiz","PHI","RP","22.7","23","1","0","4.55","1.40","11","22","10","3","23","0","1","0","0%"
"Carlos Vargas","SEA","RP","48.4","45","2","0","4.21","1.43","23","46","23","5","49","0","2","0","0%"
"Jake Odorizzi","TB","SP","32.2","27","2","0","4.69","1.37","17","33","11","5","12","5","2","0","0%"
"Spencer Howard","SF","RP,SP","52.6","54","3","0","4.44","1.34","26","50","20","8","40","3","3","0","0%"
"Brett Kerry","LAA","SP","8.1","6","0","0","5.43","1.51","5","9","3","2","2","2","1","0","0%"
"Gus Varland","LAD","RP","27.6","26","2","0","4.77","1.44","15","27","12","4","28","0","1","0","0%"
"Jaime Barria","CLE","RP,SP","32.8","25","1","0","4.90","1.40","18","36","10","6","25","1","2","0","1%"
"Alan Busenitz","CIN","RP","7.3","6","0","0","5.36","1.51","4","8","3","1","7","0","0","0","0%"
"Luis Cessa","KC","SP,RP","15.0","10","1","0","4.67","1.47","8","17","5","2","14","0","1","0","0%"
"Danny Duffy","TEX","SP,RP","38.4","38","2","0","4.65","1.41","20","36","18","6","34","1","2","0","0%"
"Kenny Rosenberg","LAA","SP,RP","45.4","39","2","0","4.52","1.43","23","45","20","6","19","6","3","0","0%"
"Kaleb Ort","BAL","RP","20.3","21","1","0","4.62","1.38","10","19","9","3","21","0","1","0","0%"
"Jake Woodford","CWS","RP,SP","18.6","14","1","0","4.77","1.48","10","19","8","3","13","1","1","0","1%"
"Tucker Davidson","BAL","RP,SP","28.0","25","1","0","4.34","1.38","14","27","11","3","29","0","2","0","0%"
"Kyle Nicolas","PIT","SP,RP","29.5","30","1","0","4.55","1.41","15","27","14","4","30","0","1","0","0%"
"Janson Junk","MIL","P,SP","33.1","24","2","0","4.86","1.40","18","36","11","5","22","2","2","0","0%"
"Luke Albright","ARI","SP","8.1","6","0","0","5.34","1.59","5","9","4","2","2","2","1","0","0%"
"Matt Sauer","KC","SP","45.4","41","2","0","4.68","1.42","24","45","20","6","39","2","3","0","0%"
"Corbin Martin","ARI","SP,RP","29.4","27","2","0","4.92","1.52","16","30","15","4","25","1","2","0","0%"
"Colin Selby","PIT","SP,RP","27.4","28","1","0","4.31","1.44","13","25","14","3","28","0","1","0","0%"
"Logan Allen","ARI","RP,SP","13.8","11","0","0","5.04","1.54","8","15","6","2","11","1","1","0","0%"
"Zack Kelly","BOS","RP","33.3","32","2","0","4.66","1.47","17","32","16","4","34","0","2","0","0%"
"Devin Smeltzer","MIA","RP,SP","12.6","9","0","0","4.75","1.41","7","14","4","2","8","1","1","0","0%"
"Nick Wittgren","","RP","24.8","19","1","0","4.82","1.39","13","26","8","4","25","0","1","0","0%"
"John Curtiss","COL","RP","22.0","19","1","0","5.45","1.51","13","24","9","4","22","0","1","0","0%"
"Anthony Veneziano","KC","SP,RP","31.9","26","1","0","4.87","1.47","17","33","14","5","24","2","2","0","0%"
"Jeff Criswell","COL","SP","9.3","7","0","0","5.45","1.53","6","10","4","2","2","2","1","0","0%"
"Jeurys Familia","","RP","17.0","15","1","0","4.75","1.52","9","17","9","2","17","0","1","0","0%"
"Justin Martinez","ARI","RP","30.1","36","1","0","4.21","1.50","14","25","20","3","32","0","1","0","0%"
"Lyon Richardson","CIN","SP","21.6","21","1","0","4.84","1.47","12","21","10","3","15","2","1","0","0%"
"Hogan Harris","OAK","SP,RP","36.2","34","2","0","4.47","1.41","18","34","17","4","31","1","2","0","0%"
"Guillermo Zuniga","LAA","RP","27.7","29","1","0","4.72","1.44","15","26","14","4","30","0","2","0","0%"
"Wil Crowe","","RP","27.3","23","1","0","4.79","1.45","14","27","12","4","29","0","2","0","0%"
"Cory Abbott","SEA","SP,RP","14.7","14","1","0","5.03","1.46","8","15","7","3","6","2","1","0","0%"
"Jacob Barnes","WSH","RP","15.2","12","1","0","4.74","1.42","8","16","6","2","16","0","1","0","0%"
"Griff McGarry","PHI","SP","9.3","10","0","0","4.88","1.58","5","9","6","1","7","1","0","0","0%"
"Peyton Battenfield","NYM","SP","23.9","18","2","0","4.73","1.42","13","25","9","4","19","1","3","0","0%"
"Duane Underwood Jr.","NYY","RP","23.8","19","1","0","4.66","1.42","12","25","9","3","19","0","1","0","0%"
"Blake Taylor","TEX","RP","9.2","7","0","0","5.15","1.60","5","10","5","1","10","0","1","0","0%"
"Sean Newcomb","OAK","RP","50.3","53","2","0","4.37","1.45","24","45","28","6","52","0","3","0","0%"
"James Naile","","RP","27.3","19","1","0","4.64","1.51","14","31","10","3","25","0","1","0","0%"
"Adam Kolarek","LAA","RP","14.5","11","1","0","4.72","1.57","8","16","7","2","15","0","1","0","0%"
"Jose Marte","LAA","RP","18.9","20","1","0","5.10","1.66","11","18","14","2","20","0","1","0","0%"
"Amir Garrett","SF","RP","40.2","46","2","0","4.50","1.46","20","35","24","5","43","0","2","0","0%"
"Randy Rodriguez","SF","SP,RP","19.2","20","1","0","4.68","1.53","10","18","12","2","20","0","1","0","0%"
"Mason Englert","DET","RP","29.5","25","1","0","4.69","1.36","15","30","10","5","27","0","2","0","0%"
"Antonio Senzatela","COL","SP","17.8","10","1","0","4.78","1.48","9","22","5","3","4","4","1","0","0%"
"George Soriano","MIA","RP","57.6","54","2","1","4.47","1.42","29","56","26","7","58","0","2","0","0%"
"Bryce Jarvis","ARI","RP","39.6","34","2","0","4.74","1.46","21","40","18","5","33","1","2","0","0%"
"Blake Walston","ARI","SP","11.2","8","0","0","5.16","1.52","6","12","5","2","2","2","1","0","0%"
"Garrett Hill","DET","SP,RP","13.4","12","0","0","4.51","1.48","7","13","7","2","13","0","1","0","0%"
"Osvaldo Bido","OAK","SP,RP","32.4","29","1","0","4.54","1.40","16","31","14","4","24","2","2","0","0%"
"Matt Bowman","MIN","RP","20.6","17","1","0","4.50","1.46","10","21","10","2","21","0","1","0","0%"
"Yonny Chirinos","MIA","RP,SP","36.4","24","2","0","4.82","1.42","20","40","12","5","25","2","2","0","1%"
"Jordan Balazovic","MIN","RP","19.6","18","1","0","4.46","1.46","10","20","9","2","18","0","1","0","0%"
"Jalen Beeks","COL","SP,RP","53.4","50","2","0","4.56","1.44","27","56","21","7","51","0","3","0","0%"
"Justin Dunn","","SP","28.0","23","1","0","5.31","1.48","17","28","13","5","6","6","2","0","0%"
"Drew Rom","STL","SP","34.7","32","2","0","4.14","1.39","16","35","13","4","31","2","2","0","0%"
"Ryan Rolison","COL","SP","20.6","16","1","0","5.17","1.53","12","24","8","4","8","3","2","0","0%"
"Geoff Hartlieb","COL","RP","18.4","16","1","0","4.87","1.52","10","19","9","3","16","0","1","0","0%"
"Jimmy Lambert","CWS","RP","26.9","26","1","0","4.96","1.47","15","27","13","5","26","0","2","0","0%"
"Nick Nelson","PHI","SP,RP","32.5","27","2","0","4.73","1.48","17","33","15","4","22","3","2","0","0%"
"Kelvin Caceres","LAA","RP","24.2","26","1","0","4.89","1.61","13","21","17","3","28","0","1","0","0%"
"Justin Garza","SF","RP","20.9","19","1","0","4.94","1.52","11","21","11","3","16","0","1","0","0%"
"Jimmy Nelson","","SP,RP","19.9","22","1","0","5.12","1.55","11","18","12","3","20","0","1","0","0%"
"Alex Speas","CWS","RP","44.4","51","2","0","4.45","1.43","22","38","26","5","44","0","3","0","0%"
"Casey Legumina","CIN","RP","27.4","25","1","0","4.98","1.47","15","28","12","5","28","0","1","0","0%"
"Sean Reynolds","SD","RP","19.2","18","1","0","5.00","1.55","11","18","12","3","20","0","1","0","0%"
"Ricky Karcher","ARI","RP","18.9","22","1","0","5.53","1.80","12","15","19","2","18","0","1","0","0%"
"Calvin Faucher","MIA","SP,RP","26.0","25","1","0","4.65","1.48","13","26","12","3","25","0","1","0","0%"
"Tim Hill","CWS","RP","52.7","34","3","1","4.75","1.44","28","58","18","7","56","0","3","0","0%"
"Zach Plesac","LAA","SP","70.3","50","4","0","5.01","1.40","39","77","22","12","27","10","5","0","0%"
"Nicholas Padilla","CWS","RP","17.0","16","1","0","4.47","1.57","8","16","10","2","16","0","1","0","0%"
"Dylan Covey","PHI","RP","41.3","31","2","0","4.67","1.46","21","44","16","5","40","0","2","0","0%"
"Will Klein","KC","RP","24.3","24","1","0","4.79","1.56","13","23","14","3","24","0","2","0","0%"
"Bryan Hoeing","MIA","SP,RP","42.9","31","2","0","4.68","1.40","22","47","13","6","41","1","2","0","0%"
"Drew Anderson","DET","SP,RP","24.8","22","1","0","5.03","1.45","14","26","10","4","25","0","1","0","0%"
"Ken Giles","ATL","RP","26.9","30","1","0","5.12","1.60","15","27","16","5","29","0","1","0","0%"
"Casey Lawrence","SEA","RP","21.6","17","1","0","4.71","1.30","11","23","5","4","20","0","1","0","0%"
"Rich Hill","","RP,SP","59.8","50","3","0","4.86","1.41","32","63","22","10","13","11","4","0","3%"
"Brandon Walter","BOS","RP","30.8","24","2","0","4.69","1.41","16","34","10","4","10","5","2","0","0%"
"Sam Bachman","LAA","RP","25.8","22","1","0","4.83","1.56","14","26","15","3","23","0","2","0","0%"
"Connor Overton","CIN","SP","27.0","21","1","0","4.65","1.38","14","27","10","4","13","3","2","0","0%"
"Brent Honeywell Jr.","PIT","SP,RP","38.6","31","2","0","4.83","1.43","21","40","15","6","37","0","2","0","0%"
"Drew Rucinski","","SP","38.5","32","2","0","4.85","1.42","21","41","14","6","13","5","3","0","0%"
"Thomas Hatch","","RP,SP","14.1","13","1","0","4.76","1.50","7","16","5","2","11","1","1","0","0%"
"Adrian Martinez","OAK","RP","39.7","33","2","0","4.55","1.39","20","41","14","6","40","0","3","0","0%"
"Joey Wentz","DET","SP,RP","65.0","63","3","0","4.57","1.39","33","63","27","10","56","2","4","0","0%"
"Zach Logue","ATL","RP,SP","15.1","12","1","0","5.44","1.50","9","17","6","3","12","0","1","0","0%"
"Denyi Reyes","","RP,SP","24.6","19","1","0","4.87","1.38","13","27","7","4","20","1","1","0","0%"
"Jonathan Heasley","BAL","RP","24.6","20","1","0","4.78","1.35","13","25","8","4","25","0","1","0","0%"
"Taylor Hearn","","SP,RP","18.7","18","1","0","4.65","1.45","10","19","8","2","13","0","1","0","0%"
"Robert Gsellman","WSH","RP","31.0","24","1","0","5.18","1.50","18","34","13","5","31","0","1","0","0%"
"Mason Thompson","WSH","RP","47.3","39","2","2","4.79","1.51","25","48","24","5","46","0","4","0","0%"
"Hunter Gaddis","CLE","SP","46.1","39","2","0","4.84","1.34","25","46","16","8","38","2","3","0","0%"
"Carson Spiers","CIN","RP,SP","29.1","25","1","0","5.23","1.47","17","31","12","5","24","1","2","0","1%"
"Levi Stoudt","SEA","RP,SP","25.0","19","1","0","4.90","1.44","14","26","10","4","20","1","2","0","0%"
"Lane Ramsey","CWS","RP","23.9","21","1","0","4.48","1.57","12","24","13","2","24","0","1","0","0%"
"Lucas Gilbreath","COL","RP","41.5","40","2","0","4.91","1.56","23","42","22","6","44","0","3","0","0%"
"Johnny Cueto","","SP","57.0","39","3","0","4.93","1.38","31","63","15","10","10","10","4","0","2%"
"Chase Anderson","PIT","SP","28.4","22","1","0","5.07","1.47","16","30","11","5","18","2","2","0","4%"
"James Kaprielian","","SP","44.8","39","2","0","4.77","1.38","24","44","18","7","9","8","3","0","1%"
"Matt Koch","COL","RP","26.1","20","1","0","5.81","1.54","17","31","9","6","26","0","2","0","0%"
"Tyler Beede","CLE","RP,SP","31.6","27","1","0","5.14","1.54","18","33","16","5","23","2","2","0","0%"
"Vladimir Gutierrez","MIA","SP","16.0","12","1","0","5.37","1.56","10","18","7","3","13","1","1","0","0%"
"Anthony Molina","COL","SP","44.5","30","2","0","4.91","1.47","24","53","12","7","42","1","2","0","0%"
"Chad Kuhl","CWS","RP,SP","39.8","35","2","0","5.42","1.53","24","41","20","7","21","4","3","0","0%"
"Steven Cruz","KC","SP,RP","36.3","37","1","0","4.71","1.55","19","33","23","4","38","0","1","0","0%"
"Collin Snider","SEA","RP","29.1","22","2","0","4.81","1.52","16","30","14","4","31","0","1","0","0%"
"Sam Coonrod","","RP","30.6","28","1","0","4.94","1.52","17","30","16","4","33","0","1","0","0%"
"Owen White","TEX","SP,RP","48.6","39","2","0","4.96","1.44","27","50","20","8","25","5","3","0","0%"
"Chris Murphy","BOS","RP","55.5","49","3","0","4.82","1.46","30","57","24","8","31","5","3","0","0%"
"Cole Winn","TEX","SP,RP","22.3","19","1","0","5.23","1.65","13","23","14","3","16","2","2","0","0%"
"Amos Willingham","WSH","RP","30.8","23","1","0","5.06","1.43","17","33","11","5","32","0","2","0","0%"
"Sean Hjelle","SF","RP","32.2","26","2","0","4.56","1.46","16","35","12","3","24","2","2","0","0%"
"Hobie Harris","MIN","RP","14.6","12","1","0","5.08","1.62","8","15","8","2","13","0","1","0","0%"
"Jose Urena","TEX","SP","24.0","17","1","0","4.97","1.53","13","27","10","4","15","2","2","0","2%"
"Josh Fleming","PIT","SP,RP","47.1","28","2","0","4.40","1.45","23","55","13","5","38","2","3","0","0%"
"Declan Cronin","MIA","RP","36.3","25","2","0","4.87","1.51","20","40","15","4","36","0","2","0","0%"
"Evan Justice","COL","RP","40.3","45","2","0","4.91","1.56","22","37","26","5","43","0","3","0","0%"
"Adam Oller","CLE","SP,RP","25.4","21","1","0","4.89","1.46","14","26","11","4","21","1","2","0","0%"
"Jackson Rutledge","WSH","SP","75.3","55","3","0","5.27","1.47","44","80","30","12","20","14","6","0","0%"
"Gavin Hollowell","COL","RP","42.5","41","2","0","4.95","1.41","23","42","18","7","42","0","2","0","0%"
"Riley Pint","COL","RP","25.0","26","1","0","5.35","1.75","15","23","21","3","30","0","1","0","0%"
"Matt Carasiti","COL","RP","19.2","15","1","0","5.10","1.61","11","22","9","3","18","0","1","0","0%"
"Karl Kauffmann","COL","RP,SP","18.6","12","1","0","6.03","1.74","12","22","10","3","15","0","1","0","0%"
"Cooper Criswell","BOS","SP,RP","84.3","63","4","0","4.96","1.42","46","96","24","12","30","12","5","0","0%"
"Dallas Keuchel","","SP","35.7","24","2","0","4.95","1.56","20","41","15","5","7","7","2","0","1%"
"Spenser Watkins","WSH","SP","27.0","20","1","0","5.50","1.51","16","31","10","5","15","2","2","0","0%"
"Nick Mears","COL","RP","55.3","58","3","0","4.91","1.53","30","53","32","8","56","0","3","0","0%"
"Brad Keller","CWS","SP,RP","26.7","20","1","0","5.03","1.60","15","28","15","3","5","5","2","0","1%"
"Thaddeus Ward","WSH","RP","27.3","24","1","0","4.82","1.48","15","26","14","4","28","0","1","0","0%"
"Chris Flexen","CWS","SP,RP","119.6","89","5","0","5.09","1.45","68","131","43","21","29","20","8","0","0%"
"Bryan Mata","BOS","SP","49.1","46","2","0","4.75","1.55","26","49","28","6","37","3","3","0","0%"
"Ty Blach","COL","RP,SP","31.8","20","1","0","5.40","1.54","19","39","9","6","22","2","2","0","1%"
"Joan Adon","WSH","SP","55.9","48","2","0","4.91","1.46","31","57","25","7","34","5","4","0","0%"
"Zach Davies","WSH","SP","53.3","40","2","0","5.29","1.52","31","58","23","9","17","9","4","0","2%"
"Deivi Garcia","CWS","RP","54.7","51","3","0","5.18","1.54","32","54","31","9","53","1","4","0","0%"
"Madison Bumgarner","","SP","88.3","63","4","0","5.28","1.48","52","99","33","17","17","17","7","0","0%"
"Noah Davis","COL","SP","40.6","31","1","0","5.85","1.59","26","46","19","7","16","6","3","0","0%"
"Dakota Hudson","COL","SP,RP","122.1","68","6","0","5.35","1.59","73","144","50","16","27","22","9","0","0%"
"Jose Hernandez","PIT","RP","50.5","55","2","0","4.28","1.37","24","46","23","7","53","0","3","0","0%"
"Mike Baumann","BAL","RP","50.4","48","3","0","4.17","1.36","23","46","22","6","46","0","3","1","0%"
"Cole Sands","MIN","RP","33.0","33","2","0","4.26","1.34","16","31","13","4","33","0","2","0","0%"
"Jake Bird","COL","RP","64.2","55","3","1","4.46","1.43","32","67","25","7","64","0","3","0","0%"
"Juan Sanchez","SF","RP","48.0","44","3","0","4.44","1.44","24","46","23","6","48","0","4","0","0%"
"Collin McHugh","","RP","34.1","30","2","0","4.35","1.35","16","35","11","5","30","0","1","0","2%"
"Hagen Danner","TOR","C,RP","21.7","23","1","0","4.12","1.26","10","19","8","3","25","0","1","0","0%"
"Carson Whisenhunt","SF","SP","15.1","15","2","0","4.21","1.40","7","15","6","2","8","2","2","0","1%"
"Matt Cronin","WSH","RP","16.7","20","1","0","4.05","1.33","8","13","9","2","17","0","1","0","0%"
"Landen Roupp","SF","SP","18.4","17","1","0","4.14","1.32","8","18","7","2","12","2","1","0","0%"
"Nate Lavender","NYM","RP","10.0","12","1","0","3.68","1.30","4","8","5","1","10","0","1","0","0%"
"Justin Hagenman","BOS","RP","26.3","24","1","0","4.49","1.35","13","27","8","4","28","0","2","0","0%"
"Mason Fluharty","TOR","RP","19.0","18","1","0","4.27","1.36","9","18","8","3","19","0","1","0","0%"
"Enoli Paredes","MIL","RP","13.7","16","1","0","4.12","1.43","6","11","9","1","15","0","1","0","0%"
"Cody Stashak","SF","RP","29.8","28","1","0","4.75","1.36","16","30","11","5","33","0","1","0","0%"
"Thomas Pannone","CHC","SP,RP","25.2","20","1","0","4.44","1.39","12","27","8","4","19","1","2","0","0%"
"Edwin Uceta","TB","RP","17.4","18","1","0","4.52","1.39","9","16","9","3","19","0","1","0","0%"
"Seth Johnson","BAL","SP","12.5","11","1","0","4.39","1.39","6","12","5","2","3","3","1","0","0%"
"Nick Hernandez","SD","RP","23.6","24","1","0","4.55","1.44","12","20","14","4","23","0","1","0","0%"
"Tommy Doyle","ATL","RP","22.6","23","1","0","4.71","1.41","12","22","10","4","22","0","1","0","0%"
"Kyle Backhus","ARI","RP","13.0","11","1","0","4.23","1.46","6","13","6","2","13","0","1","0","0%"
"Gerardo Reyes","OAK","RP","22.7","23","1","0","4.65","1.44","12","21","12","3","24","0","1","0","0%"
"Jose Espada","","RP,SP","18.8","20","1","0","4.90","1.39","10","18","8","4","19","0","1","0","0%"
"Reid VanScoter","SEA","RP","10.0","8","1","0","4.28","1.45","5","10","4","1","10","0","0","0","0%"
"Jose Cruz","SF","RP","23.2","23","1","0","4.22","1.54","11","20","16","1","23","0","1","0","0%"
"Mike Burrows","PIT","SP","9.0","8","1","0","4.60","1.41","5","9","4","1","7","1","0","0","0%"
"Anthony Banda","CLE","RP","10.3","9","1","0","4.62","1.42","5","10","4","2","12","0","1","0","0%"
"Jonathan Cannon","CWS","SP","19.7","14","1","0","4.62","1.41","10","21","7","3","20","0","1","0","0%"
"Enmanuel De Jesus","","RP,SP","18.0","15","1","0","4.36","1.49","9","19","8","2","15","0","1","0","0%"
"Tanner Burns","CLE","SP,RP","17.0","15","1","0","4.68","1.46","9","17","8","2","18","0","1","0","0%"
"Logan Gragg","STL","SP","18.0","12","1","0","4.77","1.40","10","19","6","3","20","0","1","0","0%"
"Edwin Escobar","CHC","RP,SP","12.0","9","1","0","4.50","1.50","6","13","5","2","12","0","1","0","0%"
"Andre Granillo","STL","RP","19.4","18","1","0","4.70","1.48","10","19","10","3","19","0","1","0","0%"
"Spencer Bivens","SF","RP","10.0","8","1","0","4.77","1.48","5","10","4","1","10","0","1","0","0%"
"Jesus Tinoco","TEX","RP","15.3","15","1","0","4.89","1.47","8","15","7","2","17","0","1","0","0%"
"Brenan Hanifee","DET","RP,SP","37.0","24","2","0","4.65","1.50","19","39","17","4","36","0","2","1","0%"
"Jeff Lindgren","MIA","RP,SP","18.0","13","1","0","4.80","1.46","10","19","7","3","16","0","1","0","0%"
"Carson Fulmer","LAA","SP,RP","13.9","14","1","0","4.73","1.56","7","13","9","2","12","0","1","0","0%"
"Walter Pennington","KC","RP","16.6","13","1","0","4.66","1.52","9","17","8","2","17","0","1","0","0%"
"Brant Hurter","DET","SP","8.6","7","0","0","4.52","1.34","4","9","2","1","2","2","1","0","0%"
"David Buchanan","PHI","SP","6.0","6","0","0","4.50","1.33","3","6","2","1","2","2","0","0","0%"
"Anthony Solometo","PIT","SP","10.0","8","0","0","4.39","1.39","5","10","4","1","10","0","1","0","1%"
"Jack Leftwich","CLE","SP","6.0","5","0","0","4.44","1.33","3","6","2","1","6","0","0","0","0%"
"Justin Armbruester","BAL","SP","8.8","7","0","0","4.53","1.36","4","9","3","1","10","0","0","0","0%"
"Jake Brentz","KC","RP","27.4","30","1","0","4.83","1.53","15","25","17","3","29","0","1","0","0%"
"Tanner Tully","NYY","RP,SP","7.3","5","0","0","4.44","1.35","4","8","2","1","8","0","0","0","0%"
"Stevie Emanuels","OAK","RP","7.4","7","0","0","4.54","1.44","4","7","4","1","8","0","0","0","0%"
"Freddy Pacheco","","RP","13.7","17","1","0","4.85","1.66","7","11","12","1","14","0","1","0","0%"
"Chad Dallas","TOR","SP","6.0","5","0","0","4.41","1.45","3","6","3","1","6","0","0","0","0%"
"Stephen Jones","COL","RP","19.1","16","1","0","5.00","1.50","11","20","8","3","20","0","1","0","0%"
"Bradley Hanner","CLE","RP","10.7","9","1","0","5.18","1.58","6","11","6","2","11","0","1","0","0%"
"Ty Buttrey","SEA","RP","25.3","21","1","0","4.90","1.50","14","26","12","3","28","0","2","0","0%"
"Jayvien Sandridge","SD","RP","8.0","8","0","0","4.96","1.53","4","7","5","1","8","0","0","0","0%"
"Luis Guerrero","BOS","RP","39.6","38","2","0","5.04","1.55","22","39","22","6","40","0","2","0","0%"
"Dakota Chalmers","ARI","RP,SP","5.5","5","0","0","5.20","1.59","3","5","3","1","6","0","0","0","0%"
"Jorge Benitez","BOS","RP","19.8","18","1","0","5.08","1.59","11","19","12","2","21","0","1","0","0%"
"Juan Mejia","COL","RP","8.9","8","0","0","5.18","1.54","5","9","4","1","9","0","0","0","0%"
"Zach Neal","","RP","27.9","22","1","0","5.53","1.47","17","32","9","7","27","0","2","0","0%"
""
""