"Player","Team","Positions","AB","R","HR","RBI","SB","AVG","OBP","H","2B","3B","BB","SO","SLG","OPS","Rost%"
"Ronald Acuna Jr.","ATL","RF","573","127","37","99","52",".314",".396","180","33","2","78","105",".576",".972","99%"
"Bobby Witt Jr.","KC","SS","610","99","29","91","42",".279",".324","170","33","7","41","122",".498",".822","99%"
"Julio Rodriguez","SEA","CF","604","101","32","94","33",".280",".336","169","34","3","51","157",".504",".840","99%"
"Mookie Betts","LAD","2B,SS,RF","577","114","33","97","14",".283",".373","163","37","2","83","107",".527",".900","99%"
"Corbin Carroll","ARI","LF,CF,RF","572","103","23","80","43",".276",".347","158","30","9","62","134",".480",".828","99%"
"Kyle Tucker","HOU","RF","573","98","31","105","26",".282",".362","162","34","4","71","97",".520",".882","99%"
"Fernando Tatis Jr.","SD","RF","582","104","35","97","29",".274",".345","160","33","2","63","146",".519",".864","99%"
"Freddie Freeman","LAD","1B","587","107","26","96","14",".305",".383","179","40","2","75","110",".513",".896","99%"
"Juan Soto","NYY","LF","529","108","37","102","11",".279",".422","148","27","2","130","112",".543",".964","99%"
"Shohei Ohtani","LAD","DH,SP","539","105","39","107","20",".277",".377","150","29","5","86","155",".569",".946","50%"
"Aaron Judge","NYY","CF,RF,DH","519","105","45","111","7",".275",".390","143","23","0","99","169",".581",".971","99%"
"Trea Turner","PHI","SS","614","97","23","84","29",".282",".332","173","34","4","46","133",".465",".797","99%"
"Matt Olson","ATL","1B","566","102","41","114","1",".267",".365","151","29","1","88","148",".538",".903","99%"
"Jose Ramirez","CLE","3B,DH","580","93","27","95","25",".279",".357","162","37","4","70","77",".501",".857","99%"
"Yordan Alvarez","HOU","LF,DH","509","98","38","109","1",".298",".390","152","31","2","77","117",".593",".983","99%"
"Bryce Harper","PHI","1B,DH","528","94","29","92","13",".284",".388","150","34","1","89","135",".520",".908","99%"
"Austin Riley","ATL","3B","595","99","37","106","2",".279",".342","166","32","2","57","160",".524",".867","99%"
"Rafael Devers","BOS","3B","584","96","35","104","4",".283",".351","165","36","1","61","125",".529",".879","99%"
"Ozzie Albies","ATL","2B","589","95","28","94","14",".274",".326","161","33","4","46","109",".485",".811","99%"
"Francisco Lindor","NYM","SS","582","93","27","88","21",".254",".326","148","28","2","62","127",".449",".774","99%"
"Marcus Semien","TEX","2B","610","100","27","86","15",".265",".332","161","34","3","62","112",".464",".796","99%"
"Pete Alonso","NYM","1B","566","90","40","110","4",".249",".327","141","24","1","66","139",".509",".836","99%"
"Corey Seager","TEX","SS","508","87","30","90","2",".296",".365","150","33","1","55","94",".542",".907","99%"
"Vladimir Guerrero Jr.","TOR","1B,DH","582","92","32","100","6",".284",".358","165","32","1","67","99",".507",".865","99%"
"Luis Robert Jr.","CWS","CF","568","86","32","90","19",".269",".311","153","33","1","35","160",".499",".809","96%"
"Michael Harris II","ATL","CF","556","87","22","80","24",".286",".328","159","35","3","34","120",".476",".804","98%"
"Gunnar Henderson","BAL","3B,SS","551","90","26","85","12",".261",".338","144","29","6","64","155",".476",".814","99%"
"Bo Bichette","TOR","SS","602","88","23","86","12",".292",".333","176","35","2","36","127",".473",".805","97%"
"Jose Altuve","HOU","2B","557","99","25","76","14",".276",".349","153","31","1","63","102",".468",".816","99%"
"Randy Arozarena","TB","LF","560","89","24","82","26",".260",".337","146","29","3","65","156",".447",".784","96%"
"Elly De La Cruz","CIN","3B,SS","524","82","21","72","36",".248",".309","130","26","6","47","181",".442",".751","96%"
"Adolis Garcia","TEX","CF,RF","567","87","32","95","13",".243",".304","138","28","2","50","179",".468",".772","95%"
"Manny Machado","SD","3B,DH","565","84","30","96","7",".269",".337","152","27","1","58","117",".480",".816","99%"
"CJ Abrams","WSH","SS","572","82","16","63","38",".254",".293","145","30","4","31","115",".406",".699","89%"
"Mike Trout","LAA","CF","494","88","34","90","3",".264",".358","130","25","2","72","162",".529",".887","97%"
"Paul Goldschmidt","STL","1B,DH","572","91","26","87","8",".268",".356","153","30","1","78","150",".461",".817","98%"
"Royce Lewis","MIN","3B","512","78","26","84","13",".269",".329","138","27","2","46","128",".479",".808","93%"
"Nolan Jones","COL","1B,LF,RF","519","82","24","81","16",".268",".355","139","29","4","70","172",".475",".830","91%"
"Cody Bellinger","CHC","1B,CF","536","81","23","82","17",".262",".323","141","27","2","48","117",".452",".775","98%"
"Adley Rutschman","BAL","C,DH","518","81","18","70","3",".270",".365","140","31","1","78","95",".443",".808","99%"
"Jazz Chisholm Jr.","MIA","CF","512","79","26","77","29",".248",".308","127","22","4","45","161",".455",".763","79%"
"Christian Yelich","MIL","LF,DH","548","91","18","71","22",".261",".358","143","29","2","83","148",".422",".781","95%"
"Matt McLain","CIN","2B,SS","519","80","22","77","19",".257",".330","133","30","4","57","161",".459",".789","92%"
"Nico Hoerner","CHC","2B,SS","592","85","10","64","33",".281",".332","166","28","4","46","79",".394",".726","97%"
"Oneil Cruz","PIT","SS","524","82","24","74","22",".247",".318","130","24","4","54","161",".443",".761","80%"
"Kyle Schwarber","PHI","LF,DH","550","99","41","98","4",".222",".344","122","21","1","102","194",".487",".831","99%"
"Alex Bregman","HOU","3B","562","92","23","88","2",".265",".360","149","31","2","84","81",".452",".813","99%"
"Gleyber Torres","NYY","2B","560","83","24","80","13",".270",".338","151","27","1","58","109",".453",".792","93%"
"Christian Walker","ARI","1B","566","82","28","93","6",".254",".328","144","30","2","62","129",".462",".789","95%"
"Bryan Reynolds","PIT","LF,CF","572","86","24","83","9",".269",".340","154","30","4","61","138",".462",".801","96%"
"J.T. Realmuto","PHI","C","463","66","19","68","15",".256",".312","118","24","3","38","125",".446",".757","96%"
"Triston Casas","BOS","1B","506","78","27","81","1",".258",".360","131","26","2","81","140",".477",".836","90%"
"Will Smith","LAD","C","442","70","21","75","2",".262",".345","116","23","2","56","88",".466",".811","99%"
"Nolan Arenado","STL","3B","571","75","26","93","4",".262",".319","150","31","2","48","95",".460",".779","97%"
"Josh Lowe","TB","CF,RF,DH","474","66","17","67","24",".257",".317","122","29","3","42","143",".436",".753","77%"
"William Contreras","MIL","C,DH","520","77","21","75","4",".271",".344","141","28","1","59","131",".451",".796","98%"
"Xander Bogaerts","SD","SS","569","82","18","73","12",".278",".345","158","31","1","57","114",".433",".778","94%"
"Ketel Marte","ARI","2B","568","88","21","80","7",".274",".348","156","35","5","65","109",".465",".813","97%"
"Nick Castellanos","PHI","RF","576","75","24","87","7",".261",".306","150","33","1","37","158",".449",".756","92%"
"Seiya Suzuki","CHC","RF","511","77","22","74","9",".270",".349","138","28","4","62","131",".467",".815","88%"
"Ha-Seong Kim","SD","2B,3B,SS","537","74","15","62","26",".246",".324","132","26","2","62","118",".386",".711","94%"
"Spencer Torkelson","DET","1B","566","82","30","87","3",".243",".323","138","30","1","66","153",".459",".782","85%"
"George Springer","TOR","RF,DH","543","84","23","74","14",".258",".327","140","25","2","56","116",".439",".766","94%"
"Dansby Swanson","CHC","SS","574","82","23","81","12",".255",".323","146","28","2","57","157",".431",".754","89%"
"Josh Jung","TEX","3B","543","74","25","82","3",".256",".304","139","28","2","37","166",".453",".756","65%"
"Bryson Stott","PHI","2B","532","71","13","63","21",".265",".321","141","28","3","43","102",".401",".721","88%"
"Yandy Diaz","TB","1B,3B","527","85","18","71","2",".292",".378","154","30","1","73","89",".454",".833","96%"
"Lane Thomas","WSH","CF,RF","568","81","22","73","15",".250",".305","142","31","3","45","156",".433",".739","85%"
"Evan Carter","TEX","LF","496","77","16","65","18",".256",".346","127","25","5","69","144",".423",".769","91%"
"Josh Naylor","CLE","1B,DH","515","67","22","86","8",".280",".336","144","32","0","43","83",".472",".808","87%"
"Jordan Walker","STL","LF,RF","497","66","19","67","10",".267",".328","133","25","2","45","125",".441",".769","60%"
"Teoscar Hernandez","LAD","RF,DH","537","76","28","90","8",".262",".309","140","27","1","37","170",".476",".785","80%"
"Spencer Steer","CIN","1B,2B,3B,LF","510","71","20","75","9",".255",".328","130","31","2","55","125",".443",".771","91%"
"Andres Gimenez","CLE","2B","560","78","17","71","28",".265",".309","148","29","4","36","119",".425",".734","77%"
"Anthony Santander","BAL","1B,RF,DH","564","79","29","90","3",".251",".311","141","31","1","50","136",".464",".775","91%"
"Yainer Diaz","HOU","C,1B,DH","417","56","20","67","1",".271",".304","113","22","1","20","86",".474",".777","90%"
"Zack Gelof","OAK","2B","538","73","19","64","21",".240",".309","129","29","2","54","174",".406",".715","59%"
"Anthony Volpe","NYY","SS","521","73","20","67","24",".230",".300","120","27","3","52","147",".409",".710","64%"
"Marcell Ozuna","ATL","LF,DH","512","75","31","87","1",".255",".323","131","24","1","51","132",".484",".807","90%"
"Riley Greene","DET","CF,RF","540","78","17","66","9",".271",".338","146","26","6","55","156",".435",".773","55%"
"Ian Happ","CHC","LF","556","80","21","79","11",".251",".343","139","31","3","78","151",".427",".770","85%"
"Cedric Mullins II","BAL","CF","518","75","18","65","27",".249",".311","129","27","3","47","117",".419",".730","84%"
"Vinnie Pasquantino","KC","1B","503","70","21","75","2",".276",".353","139","32","2","60","73",".474",".827","78%"
"Luis Arraez","MIA","1B,2B","573","79","8","64","4",".318",".370","182","30","4","47","41",".426",".795","96%"
"Jorge Soler","SF","RF,DH","506","74","30","82","1",".242",".328","122","23","0","65","145",".468",".796","85%"
"TJ Friedl","CIN","LF,CF","495","74","16","62","21",".256",".323","126","22","6","49","96",".418",".741","81%"
"Esteury Ruiz","OAK","LF,CF,RF","432","59","8","41","51",".247",".296","107","23","2","30","100",".363",".659","57%"
"Christian Encarnacion-Strand","CIN","1B,DH","465","66","26","80","3",".265",".316","123","24","2","35","138",".488",".804","58%"
"Chas McCormick","HOU","LF,CF,RF","455","67","20","68","15",".250",".322","114","18","2","48","135",".430",".752","53%"
"Wyatt Langford","TEX","LF","476","71","20","73","14",".259",".330","123","26","2","51","118",".462",".792","59%"
"Jackson Chourio","MIL","CF","481","62","15","62","22",".256",".302","123","23","2","31","115",".411",".713","57%"
"Sean Murphy","ATL","C","387","60","19","63","0",".254",".332","98","22","1","45","100",".467",".798","83%"
"Cal Raleigh","SEA","C","472","64","27","75","1",".229",".298","108","25","1","46","142",".457",".755","88%"
"Masataka Yoshida","BOS","LF,DH","507","70","16","72","5",".291",".351","148","29","2","47","72",".452",".804","89%"
"Max Muncy","LAD","3B","451","77","28","80","2",".223",".339","101","19","1","79","138",".457",".796","86%"
"Salvador Perez","KC","C,1B,DH","507","61","25","81","0",".257",".288","130","22","1","22","129",".453",".741","82%"
"Willson Contreras","STL","C,DH","423","63","20","65","5",".253",".329","107","23","1","48","112",".453",".782","79%"
"Rhys Hoskins","MIL","1B","512","77","28","82","3",".240",".331","123","28","2","70","149",".463",".794","62%"
"Jake Burger","MIA","3B,DH","538","72","29","83","1",".251",".301","135","27","2","38","159",".468",".769","53%"
"James Outman","LAD","LF,CF","455","71","20","65","11",".233",".316","106","20","3","56","166",".419",".736","57%"
"Thairo Estrada","SF","2B,SS","537","73","15","62","22",".260",".302","140","25","3","32","116",".400",".703","63%"
"Brandon Nimmo","NYM","LF,CF","554","89","19","67","5",".268",".354","148","29","5","74","129",".439",".793","88%"
"Alec Bohm","PHI","1B,3B","551","71","17","77","4",".275",".325","151","29","1","41","104",".422",".747","85%"
"Jarren Duran","BOS","LF,CF","490","72","14","57","26",".258",".314","126","31","5","40","137",".426",".740","47%"
"Nolan Gorman","STL","2B,3B,DH","469","69","27","77","6",".240",".315","113","20","0","51","160",".460",".774","52%"
"Willy Adames","MIL","SS","556","79","27","86","7",".243",".321","135","30","1","64","162",".448",".769","64%"
"Francisco Alvarez","NYM","C","440","61","25","71","2",".228",".306","100","18","0","49","129",".440",".746","69%"
"Ke'Bryan Hayes","PIT","3B","546","72","16","68","15",".264",".318","144","31","5","44","120",".425",".743","65%"
"Nathaniel Lowe","TEX","1B","514","72","19","72","3",".271",".351","139","26","2","63","133",".441",".792","55%"
"Gabriel Moreno","ARI","C","447","56","10","59","6",".281",".336","126","25","1","37","91",".412",".748","81%"
"Christopher Morel","CHC","2B,CF,RF,DH","471","70","25","73","11",".241",".307","114","22","4","45","160",".463",".770","50%"
"Steven Kwan","CLE","LF","569","82","6","55","18",".278",".349","158","30","6","62","65",".381",".730","85%"
"Isaac Paredes","TB","1B,2B,3B","479","69","25","79","1",".243",".326","116","24","1","60","96",".455",".781","85%"
"Edouard Julien","MIN","2B,DH","459","72","15","55","8",".244",".356","112","23","1","79","164",".397",".753","40%"
"Eloy Jimenez","CWS","RF,DH","509","66","25","80","0",".275",".328","140","25","0","40","115",".472",".800","61%"
"Ezequiel Tovar","COL","SS","566","74","17","71","13",".262",".299","148","33","4","30","147",".423",".722","46%"
"Kerry Carpenter","DET","LF,RF,DH","479","63","21","71","5",".257",".310","123","23","3","37","129",".445",".755","44%"
"Jeimer Candelario","CIN","1B,3B","504","72","22","77","4",".253",".321","128","31","2","51","132",".453",".774","45%"
"Jonah Heim","TEX","C","449","56","18","64","2",".246",".307","110","24","1","40","95",".422",".729","67%"
"Lars Nootbaar","STL","LF,CF,RF","405","66","16","55","8",".252",".353","102","20","2","63","96",".434",".786","46%"
"Trevor Story","BOS","SS","509","71","20","70","21",".237",".300","121","29","2","45","162",".421",".721","39%"
"J.D. Martinez","","LF,DH","445","61","22","74","1",".253",".315","113","26","1","40","138",".465",".780","42%"
"Byron Buxton","MIN","DH","442","71","27","70","11",".234",".302","104","25","2","43","148",".486",".789","40%"
"Tyler O'Neill","BOS","LF,CF","452","68","22","69","13",".253",".324","114","23","1","48","139",".457",".781","37%"
"Lourdes Gurriel Jr.","ARI","LF,DH","501","64","17","70","4",".279",".323","140","31","2","33","95",".447",".770","71%"
"Ryan Mountcastle","BAL","1B,DH","492","67","22","75","4",".263",".320","129","23","1","42","129",".451",".771","40%"
"Carlos Correa","MIN","SS","522","74","21","73","0",".261",".339","136","28","1","61","124",".440",".779","66%"
"Jackson Holliday","BAL","2B,SS","399","57","8","46","9",".259",".342","103","20","3","50","101",".382",".724","64%"
"Starling Marte","NYM","RF","471","65","12","52","29",".262",".307","123","21","3","30","104",".392",".698","39%"
"Jeremy Pena","HOU","SS","555","76","16","67","14",".259",".306","144","27","2","37","129",".403",".709","44%"
"Jonathan India","CIN","2B","444","68","16","60","11",".255",".330","113","24","1","50","109",".425",".755","44%"
"Andrew Vaughn","CWS","1B","554","70","23","79","0",".262",".313","145","30","1","42","120",".444",".758","31%"
"Jack Suwinski","PIT","LF,CF,RF","427","63","23","66","9",".227",".327","97","20","2","64","154",".444",".771","30%"
"Taylor Ward","LAA","LF","478","74","20","69","6",".265",".341","127","26","1","55","115",".452",".793","33%"
"Jorge Polanco","SEA","2B,3B","497","69","22","71","7",".245",".321","121","24","1","56","130",".428",".748","42%"
"Brandon Drury","LAA","1B,2B","504","66","23","76","2",".248",".294","125","27","2","32","136",".448",".741","42%"
"Matt Chapman","SF","3B","510","72","23","70","4",".236",".322","120","27","3","65","163",".434",".755","40%"
"Mitch Garver","SEA","C,DH","404","57","22","62","1",".236",".325","95","18","0","54","120",".440",".765","39%"
"Keibert Ruiz","WSH","C","445","51","15","58","2",".266",".314","118","24","0","31","52",".424",".738","77%"
"Logan O'Hoppe","LAA","C","413","58","23","65","3",".252",".322","104","17","1","43","100",".468",".790","47%"
"Tommy Edman","STL","2B,SS,CF,RF","414","61","10","45","23",".261",".311","108","22","3","30","73",".402",".714","65%"
"Daulton Varsho","TOR","LF,CF","509","72","24","72","16",".235",".298","120","24","3","46","131",".434",".732","57%"
"Jarred Kelenic","ATL","LF,CF,RF","408","58","15","58","13",".243",".315","99","24","2","43","127",".422",".737","33%"
"Bo Naylor","CLE","C","359","50","15","50","7",".228",".324","82","18","2","51","103",".412",".736","32%"
"Brandon Lowe","TB","2B","421","65","22","66","6",".238",".321","100","21","1","51","125",".453",".773","24%"
"Ryan McMahon","COL","2B,3B","518","72","22","72","6",".244",".324","126","26","2","61","170",".428",".752","30%"
"Justin Turner","TOR","1B,2B,3B,DH","482","64","16","68","3",".256",".320","123","26","0","45","99",".412",".732","63%"
"Jung Hoo Lee","SF","CF","528","69","10","62","7",".284",".344","150","34","4","48","55",".421",".766","64%"
"Jose Abreu","HOU","1B","524","68","18","77","1",".257",".317","135","27","1","46","123",".417",".734","34%"
"Eugenio Suarez","ARI","3B","520","68","23","77","1",".232",".314","121","24","1","62","177",".410",".724","32%"
"Josh Bell","MIA","1B,DH","527","70","21","74","1",".257",".340","135","26","1","66","118",".431",".771","38%"
"Max Kepler","MIN","RF","467","69","21","68","4",".246",".324","115","24","2","54","106",".442",".766","21%"
"Anthony Rizzo","NYY","1B","461","66","22","68","4",".238",".311","110","20","1","49","110",".427",".738","36%"
"Maikel Garcia","KC","3B,SS","486","65","7","50","21",".267",".328","130","26","3","44","110",".373",".700","36%"
"J.P. Crawford","SEA","SS","550","81","13","59","3",".255",".347","140","31","1","77","110",".386",".733","66%"
"Giancarlo Stanton","NYY","RF,DH","388","53","26","68","0",".229",".309","89","14","0","45","129",".465",".775","41%"
"Jose Siri","TB","CF","438","61","20","61","18",".222",".269","97","19","3","28","162",".414",".683","11%"
"Sal Frelick","MIL","CF,RF","479","64","8","54","15",".266",".333","127","24","3","48","77",".383",".716","13%"
"Leody Taveras","TEX","CF","447","60","12","55","15",".256",".311","115","24","3","35","111",".407",".718","8%"
"Austin Hays","BAL","LF,CF","515","68","18","68","5",".257",".306","132","29","2","36","125",".424",".729","14%"
"Alex Verdugo","NYY","RF","462","63","13","56","4",".265",".321","122","26","2","39","80",".413",".735","29%"
"Kris Bryant","COL","1B,RF,DH","468","69","18","63","3",".268",".337","125","27","1","49","111",".449",".786","23%"
"Luis Campusano","SD","C","408","50","14","56","1",".258",".308","105","19","1","29","79",".411",".718","20%"
"Bryan De La Cruz","MIA","LF,RF","520","63","18","69","4",".265",".315","138","28","1","38","128",".426",".741","8%"
"Luis Rengifo","LAA","2B,3B,SS,RF","485","65","17","61","9",".256",".311","124","21","4","38","96",".419",".730","45%"
"Jake Fraley","CIN","LF,RF,DH","368","54","16","56","17",".252",".335","93","18","1","46","91",".434",".769","12%"
"Junior Caminero","TB","3B,SS","275","37","11","41","3",".266",".318","73","11","1","21","61",".441",".759","41%"
"Brent Rooker","OAK","LF,RF,DH","474","61","25","70","4",".229",".304","109","21","1","51","176",".438",".742","24%"
"Ty France","SEA","1B","533","69","15","66","1",".263",".313","140","29","1","39","100",".405",".718","13%"
"Zach Neto","LAA","SS","485","70","18","65","9",".249",".305","121","26","1","39","126",".420",".725","9%"
"Henry Davis","PIT","RF","399","53","14","53","9",".243",".324","97","20","2","48","108",".407",".732","12%"
"Noelvi Marte","CIN","3B","198","27","6","26","7",".266",".327","53","11","1","18","47",".422",".749","19%"
"Vaughn Grissom","BOS","SS","438","60","9","54","10",".282",".340","123","26","3","38","81",".420",".760","37%"
"Gavin Lux","LAD","2B,LF","411","61","10","50","8",".259",".333","107","20","4","45","96",".397",".730","24%"
"MJ Melendez","KC","C,LF,RF","494","71","21","67","5",".241",".326","119","26","4","62","146",".436",".762","29%"
"Tyler Stephenson","CIN","C,DH","363","48","11","49","1",".256",".324","93","18","1","37","102",".407",".731","8%"
"Whit Merrifield","PHI","2B,LF","362","47","7","41","16",".258",".304","93","19","1","24","67",".376",".680","28%"
"Nelson Velazquez","KC","LF,RF","357","48","19","52","7",".236",".297","84","17","1","31","118",".442",".739","7%"
"Parker Meadows","DET","CF","465","61","13","51","13",".229",".298","107","20","6","46","126",".380",".678","11%"
"Tim Anderson","MIA","SS","506","63","7","47","15",".279",".313","141","24","2","25","113",".374",".687","15%"
"Tommy Pham","","LF,CF,RF,DH","395","56","13","50","13",".248",".325","98","20","2","44","106",".409",".734","4%"
"Jeff McNeil","NYM","2B,LF,RF","524","67","9","59","6",".280",".329","147","30","2","38","63",".398",".727","51%"
"Joey Meneses","WSH","1B,DH","509","57","16","67","1",".261",".308","133","27","1","34","117",".413",".720","10%"
"Luke Raley","SEA","1B,LF,CF,RF","342","48","16","47","9",".230",".289","79","15","1","28","119",".416",".705","9%"
"Brendan Donovan","STL","1B,2B,LF,RF","430","65","10","50","6",".274",".351","118","21","2","51","76",".399",".750","13%"
"Jordan Lawlar","ARI","SS","254","36","6","29","13",".244",".308","62","12","2","24","71",".379",".687","11%"
"Joc Pederson","ARI","LF,DH","376","57","18","59","1",".254",".338","96","17","3","48","95",".458",".795","4%"
"Andrew Benintendi","CWS","LF","532","71","10","55","11",".269",".336","143","29","2","54","92",".387",".724","12%"
"Colt Keith","DET","2B,3B","434","56","14","57","3",".253",".316","110","24","3","40","109",".419",".735","16%"
"Alejandro Kirk","TOR","C","322","40","10","42","0",".268",".345","86","16","0","38","42",".410",".755","9%"
"Matt Wallner","MIN","LF,RF","371","53","16","55","3",".231",".317","86","20","2","47","144",".425",".742","3%"
"Brett Baty","NYM","3B","389","50","14","50","3",".241",".309","94","17","0","38","116",".393",".702","4%"
"Jordan Westburg","BAL","2B,3B","380","52","13","50","6",".251",".311","95","21","2","33","103",".414",".725","16%"
"Charlie Blackmon","COL","RF,DH","458","64","12","56","4",".272",".331","125","24","5","40","84",".421",".752","6%"
"Mitch Haniger","SEA","LF,RF","433","58","20","63","1",".233",".296","101","20","1","38","124",".422",".717","5%"
"DJ LeMahieu","NYY","1B,2B,3B","491","67","12","53","3",".255",".334","125","20","2","58","104",".378",".711","24%"
"Will Benson","CIN","LF,RF","365","58","14","47","16",".226",".331","82","17","4","57","135",".408",".739","7%"
"Kyle Manzardo","CLE","1B","352","46","14","50","1",".237",".318","83","21","1","42","85",".421",".739","5%"
"Michael Conforto","SF","LF,RF","423","58","15","58","3",".247",".333","104","20","0","54","108",".404",".736","3%"
"Jake Cronenworth","SD","1B,2B","517","71","15","66","5",".247",".318","128","29","5","54","106",".405",".724","28%"
"Brandon Marsh","PHI","LF,CF","435","59","12","55","12",".250",".328","109","22","4","51","151",".402",".731","3%"
"Alex Kirilloff","MIN","1B,LF,RF","343","46","13","49","2",".262",".322","90","17","1","31","89",".429",".751","5%"
"Willi Castro","MIN","2B,3B,LF,CF","366","52","9","40","21",".247",".298","91","18","3","26","96",".387",".685","7%"
"Brendan Rodgers","COL","2B","499","65","15","66","0",".277",".327","138","28","3","37","107",".436",".763","4%"
"Shea Langeliers","OAK","C","393","47","18","53","3",".221",".281","87","18","2","32","123",".412",".693","5%"
"Ryan Jeffers","MIN","C","316","42","15","44","2",".234",".308","74","14","1","34","100",".424",".733","4%"
"Orlando Arcia","ATL","SS","463","61","16","62","3",".250",".309","116","22","0","40","98",".403",".712","8%"
"Michael Busch","CHC","3B","335","46","13","45","2",".237",".311","79","17","1","36","103",".412",".723","7%"
"Jake McCarthy","ARI","CF,RF","164","23","3","16","12",".255",".313","42","7","2","14","36",".380",".693","2%"
"Amed Rosario","TB","2B,SS","332","43","6","37","9",".269",".305","89","15","4","17","64",".390",".695","7%"
"Danny Jansen","TOR","C","294","43","17","50","1",".236",".304","69","15","0","29","69",".462",".766","5%"
"Wilmer Flores","SF","1B,3B,DH","328","44","14","47","0",".258",".326","85","16","1","33","55",".439",".766","16%"
"Hunter Renfroe","KC","1B,RF","410","53","18","58","1",".246",".305","101","24","0","35","98",".438",".743","9%"
"Alek Thomas","ARI","CF","450","60","11","55","10",".258",".307","116","23","5","32","96",".404",".712","3%"
"Ramon Laureano","CLE","CF,RF","414","56","14","53","13",".233",".296","96","22","2","37","125",".401",".697","1%"
"Pete Crow-Armstrong","CHC","CF","227","33","7","28","11",".249",".304","57","11","2","18","69",".406",".709","6%"
"Elias Diaz","COL","C","380","43","12","50","1",".253",".305","96","19","1","28","91",".409",".713","9%"
"Harrison Bader","NYM","CF","376","50","11","44","19",".244",".291","92","17","2","25","81",".388",".680","3%"
"Brice Turang","MIL","2B,SS","406","51","8","42","19",".240",".310","98","17","3","41","93",".355",".665","4%"
"Yoan Moncada","CWS","3B","509","65","17","63","3",".250",".318","128","27","1","50","158",".412",".730","3%"
"Mark Canha","DET","1B,LF,RF,DH","435","61","12","54","7",".258",".335","112","23","2","51","87",".402",".737","6%"
"Masyn Winn","STL","SS","432","58","10","49","13",".246",".302","106","19","3","34","93",".372",".673","5%"
"Chris Taylor","LAD","3B,SS,LF","338","49","12","46","11",".232",".312","78","17","2","39","122",".403",".714","7%"
"Javier Baez","DET","SS","485","59","14","59","11",".241",".278","117","21","3","25","130",".388",".666","5%"
"Ryan Noda","OAK","1B","440","63","18","54","6",".216",".328","95","20","1","73","172",".384",".712","4%"
"Ezequiel Duran","TEX","3B,SS,LF,DH","250","33","9","32","6",".252",".295","63","14","1","15","71",".421",".716","5%"
"Brenton Doyle","COL","CF","435","55","14","51","18",".232",".274","101","18","4","25","156",".386",".660","1%"
"Rowdy Tellez","PIT","1B,DH","352","43","17","55","1",".242",".316","85","16","1","38","84",".437",".753","2%"
"Jackson Merrill","SD","SS","368","46","8","43","8",".253",".295","93","19","2","22","65",".384",".679","15%"
"Ryan O'Hearn","BAL","1B,RF","353","46","15","54","3",".257",".303","91","17","1","23","92",".442",".745","3%"
"Anthony Rendon","LAA","3B","407","57","13","57","3",".257",".347","105","23","1","56","80",".415",".762","3%"
"Adam Duvall","ATL","CF,RF","273","36","16","44","2",".223",".276","61","13","1","20","93",".452",".727","2%"
"Nolan Schanuel","LAA","1B","431","69","11","50","3",".263",".360","113","19","2","65","82",".398",".757","5%"
"Garrett Mitchell","MIL","CF","348","48","9","39","14",".239",".306","83","16","2","34","119",".378",".684","3%"
"LaMonte Wade Jr.","SF","1B,LF","397","59","16","52","3",".243",".342","97","17","2","60","91",".413",".756","3%"
"Elehuris Montero","COL","1B,3B","342","45","15","51","1",".253",".302","87","17","1","24","107",".446",".748","2%"
"Carlos Santana","MIN","1B","421","55","16","57","3",".229",".322","97","20","1","57","86",".394",".716","7%"
"Johan Rojas","PHI","CF","316","41","5","33","20",".252",".291","80","15","3","17","74",".369",".660","9%"
"Austin Wells","NYY","C","284","36","12","41","4",".230",".299","65","14","1","28","80",".410",".709","5%"
"Luis Garcia","WSH","2B","434","54","11","52","7",".273",".315","118","23","3","26","70",".413",".728","2%"
"Ceddanne Rafaela","BOS","SS,CF","374","50","11","48","15",".258",".292","96","21","3","18","93",".418",".710","20%"
"Harold Ramirez","TB","LF,RF,DH","261","32","6","35","3",".282",".318","73","14","1","14","49",".417",".734","4%"
"Davis Schneider","TOR","2B","306","45","14","45","4",".233",".329","71","17","1","44","98",".434",".763","3%"
"Jon Berti","MIA","2B,3B,SS,LF","320","44","5","30","19",".258",".323","83","14","2","31","72",".366",".689","6%"
"Jesus Sanchez","MIA","LF,CF,RF","397","51","17","56","3",".249",".315","99","19","3","38","114",".437",".752","1%"
"Seth Brown","OAK","1B,LF,RF","432","54","21","64","6",".232",".296","100","22","2","39","128",".435",".731","1%"
"Michael Massey","KC","2B","393","48","13","51","6",".249",".295","98","22","1","25","92",".413",".708","1%"
"Heston Kjerstad","BAL","DH","198","26","6","25","1",".258",".306","51","10","1","14","49",".415",".721","4%"
"Eddie Rosario","WSH","LF","338","40","12","46","4",".247",".297","84","16","2","24","79",".412",".709","2%"
"C.J. Cron","BOS","1B","208","28","10","32","0",".246",".306","51","10","0","18","57",".438",".744","2%"
"Jake Rogers","DET","C","319","41","16","45","2",".214",".278","68","12","1","28","113",".407",".685","1%"
"Andrew McCutchen","PIT","RF,DH","398","55","13","50","8",".241",".340","96","20","1","60","100",".391",".731","2%"
"Wilyer Abreu","BOS","LF,CF","295","44","11","40","7",".243",".335","72","15","1","41","88",".414",".749","1%"
"Mickey Moniak","LAA","LF,CF,RF","389","49","16","50","7",".235",".272","91","18","4","20","132",".423",".695","1%"
"Jose Caballero","TB","2B,SS","236","35","5","26","19",".225",".316","53","11","1","31","62",".347",".663","1%"
"Jesse Winker","WSH","DH","248","33","8","31","0",".243",".347","60","12","0","39","57",".388",".734","1%"
"Patrick Bailey","SF","C","355","40","9","42","2",".229",".291","81","18","1","31","103",".362",".653","3%"
"Matt Vierling","DET","3B,LF,CF,RF","341","43","8","36","7",".257",".316","88","16","3","29","77",".388",".705","1%"
"Colton Cowser","BAL","LF,CF,RF","203","29","6","25","3",".236",".325","48","9","0","27","69",".370",".696","4%"
"Liover Peguero","PIT","2B,SS","359","43","9","40","13",".242",".288","87","16","2","23","93",".371",".659","1%"
"J.D. Davis","OAK","1B,3B","332","43","12","44","1",".245",".323","81","17","1","38","111",".405",".728","1%"
"Yan Gomes","CHC","C","333","38","10","44","1",".252",".289","84","16","1","17","71",".393",".682","2%"
"James Wood","WSH","CF,RF","109","14","4","14","2",".228",".293","25","6","1","10","39",".398",".691","9%"
"Gary Sanchez","MIL","C","269","34","15","42","1",".213",".290","57","11","0","29","86",".422",".712","2%"
"Adalberto Mondesi","","SS","169","23","5","18","15",".220",".263","37","7","1","10","57",".371",".633","1%"
"Tyler Black","MIL","2B,3B","169","25","4","20","10",".241",".332","41","9","2","23","43",".392",".724","2%"
"Geraldo Perdomo","ARI","2B,3B,SS","352","50","5","35","12",".238",".328","84","15","3","47","77",".341",".669","3%"
"Cavan Biggio","TOR","1B,2B,3B,RF","320","47","9","38","5",".225",".322","72","16","1","46","98",".369",".691","2%"
"Miguel Vargas","LAD","2B","124","18","4","17","2",".247",".327","31","7","1","15","29",".405",".732","1%"
"Luis Matos","SF","LF,CF,RF","214","27","4","24","6",".266",".318","57","11","1","16","29",".390",".708","2%"
"Connor Wong","BOS","C","316","40","10","37","6",".235",".281","74","17","1","20","105",".393",".674","1%"
"Rene Pinto","TB","C","348","38","14","46","2",".224",".262","78","18","1","18","118",".397",".660","0%"
"Mike Yastrzemski","SF","LF,CF,RF","412","60","17","55","4",".230",".315","95","24","2","52","121",".421",".736","2%"
"Marco Luciano","SF","SS","301","36","9","35","4",".222",".295","67","14","1","31","103",".365",".660","2%"
"Joey Gallo","WSH","1B,CF,LF,RF","336","49","21","51","3",".187",".305","63","11","1","57","152",".411",".716","1%"
"Jasson Dominguez","NYY","CF","144","21","5","18","6",".242",".322","35","6","1","17","44",".395",".717","19%"
"Travis d'Arnaud","ATL","C","287","37","11","42","0",".248",".299","71","15","1","21","72",".424",".723","3%"
"Edward Olivares","PIT","LF,DH","307","41","9","37","9",".263",".310","81","16","2","21","60",".422",".732","1%"
"Sean Bouchard","COL","RF","310","46","13","44","7",".254",".337","79","19","2","39","96",".454",".791","0%"
"Dylan Carlson","STL","CF,RF","304","42","9","38","3",".251",".327","77","18","2","34","69",".408",".734","1%"
"Hunter Goodman","COL","1B,RF","245","32","12","40","1",".251",".302","61","15","1","18","73",".471",".773","1%"
"Brandon Belt","","1B,DH","284","42","15","41","1",".229",".331","65","13","1","44","105",".437",".768","3%"
"Patrick Wisdom","CHC","1B,3B","261","38","17","43","4",".210",".288","55","11","0","28","106",".446",".734","4%"
"Jonathan Aranda","TB","1B","211","29","7","29","1",".251",".327","53","11","1","24","59",".408",".735","1%"
"Victor Scott","STL","CF","115","15","2","11","9",".244",".291","28","5","1","8","24",".345",".635","5%"
"Curtis Mead","TB","3B","161","20","4","20","2",".255",".319","41","10","1","15","36",".400",".719","2%"
"Jorge Mateo","BAL","SS","188","27","5","20","16",".232",".276","44","9","2","11","51",".374",".649","1%"
"Drew Waters","KC","CF,RF","245","33","7","27","10",".239",".304","58","13","3","23","82",".399",".703","1%"
"Zach McKinstry","DET","2B,3B,SS,LF,RF","296","39","7","30","8",".238",".305","70","14","3","29","73",".378",".683","2%"
"Oscar Gonzalez","NYY","RF","60","7","2","7","0",".252",".281","15","3","0","2","15",".389",".670","1%"
"JJ Bleday","OAK","LF,CF,RF","392","50","14","47","5",".211",".310","83","19","2","56","112",".378",".688","1%"
"Kevin Kiermaier","TOR","CF","367","49","7","40","11",".244",".300","89","19","4","30","93",".378",".678","1%"
"Myles Straw","CLE","CF","362","45","1","29","17",".248",".315","90","16","2","35","71",".317",".632","1%"
"Dylan Crews","WSH","CF","163","19","4","19","3",".226",".279","37","8","0","12","48",".352",".630","8%"
"Kyle Isbel","KC","CF","358","49","9","41","11",".246",".299","88","20","3","27","82",".394",".693","0%"
"Isiah Kiner-Falefa","TOR","3B,LF,CF","316","38","4","31","13",".256",".304","81","14","1","22","57",".345",".649","1%"
"Nick Senzel","WSH","3B,LF,CF,RF","356","45","9","38","8",".235",".295","84","16","1","30","81",".359",".654","1%"
"Freddy Fermin","KC","C","177","22","6","23","0",".252",".312","45","8","1","16","41",".411",".723","1%"
"Trent Grisham","NYY","CF","269","41","12","36","8",".217",".314","59","13","1","38","86",".402",".715","1%"
"Mauricio Dubon","HOU","2B,SS,LF,CF","282","37","6","32","4",".261",".300","74","13","1","16","45",".384",".684","3%"
"Austin Meadows","","LF","79","11","3","12","1",".254",".327","20","4","1","9","16",".450",".777","1%"
"Josh Rojas","SEA","2B,3B","263","35","5","28","9",".234",".308","62","13","1","28","67",".351",".659","1%"
"Joey Ortiz","MIL","2B","300","37","6","35","5",".255",".305","77","17","2","21","67",".389",".694","1%"
"Joshua Palacios","PIT","LF,CF,RF","180","23","5","23","5",".256",".308","46","8","1","14","40",".403",".712","0%"
"Tyler Soderstrom","OAK","C,1B","286","29","10","34","1",".214",".263","61","11","1","19","90",".369",".633","1%"
"Gio Urshela","DET","1B,3B,SS","299","34","7","36","2",".275",".318","82","15","2","19","57",".405",".723","1%"
"Akil Baddoo","DET","LF","198","28","6","22","9",".233",".319","46","9","2","25","55",".387",".706","0%"
"Tyrone Taylor","NYM","LF,CF,RF","277","37","11","39","6",".233",".277","65","14","2","17","71",".419",".696","0%"
"Christian Vazquez","MIN","C","264","28","5","28","2",".241",".291","63","12","0","18","57",".345",".636","1%"
"Michael A. Taylor","PIT","CF","324","41","12","41","9",".229",".285","74","12","1","25","107",".389",".674","0%"
"Nick Fortes","MIA","C","275","33","8","31","4",".234",".287","64","11","1","20","55",".369",".656","0%"
"Oswald Peraza","NYY","2B,3B,SS","191","25","6","22","8",".239",".292","46","8","1","15","48",".383",".675","1%"
"Xavier Edwards","MIA","2B","84","11","1","8","3",".275",".336","23","4","0","8","12",".358",".694","0%"
"Victor Robles","WSH","CF","326","42","6","32","15",".241",".297","79","16","2","26","82",".361",".658","1%"
"Jason Heyward","LAD","CF,RF","322","45","11","42","3",".247",".313","80","17","1","31","68",".413",".726","1%"
"Tom Murphy","SF","C","182","24","8","24","1",".243",".314","44","9","0","19","57",".420",".734","0%"
"Ivan Herrera","STL","C","168","23","4","21","2",".241",".336","40","8","0","24","45",".370",".706","0%"
"Manuel Margot","MIN","CF,RF","300","38","6","35","9",".265",".316","80","17","2","22","53",".390",".705","1%"
"Mike Tauchman","CHC","CF,RF","226","34","5","26","4",".240",".337","54","11","1","33","62",".364",".700","1%"
"Brayan Rocchio","CLE","3B,SS","307","38","5","33","8",".248",".305","76","17","2","25","62",".365",".670","1%"
"Darell Hernaiz","OAK","2B,SS","275","32","4","27","7",".248",".297","68","14","1","19","51",".355",".652","0%"
"Stone Garrett","WSH","LF,RF","249","32","10","35","5",".235",".287","59","13","1","18","81",".419",".705","0%"
"Aaron Hicks","LAA","CF,LF,RF","336","47","10","38","6",".227",".328","77","12","1","50","93",".360",".688","1%"
"Christian Bethancourt","MIA","C","280","34","9","34","2",".242",".279","68","14","0","14","75",".395",".673","0%"
"Coby Mayo","BAL","1B,3B","113","14","4","15","1",".237",".313","27","6","0","13","34",".402",".715","4%"
"Jake Meyers","HOU","CF","332","44","10","41","6",".237",".296","79","16","2","28","95",".385",".681","0%"
"Estevan Florial","CLE","CF","238","32","8","28","10",".223",".302","53","12","1","27","89",".385",".686","0%"
"Joey Wiemer","MIL","CF,RF","224","30","8","28","8",".225",".293","50","11","1","22","70",".388",".681","1%"
"Yasmani Grandal","PIT","C","236","27","6","27","0",".230",".325","54","10","0","33","58",".352",".677","1%"
"Mark Vientos","NYM","1B,3B,DH","302","36","14","43","1",".235",".294","71","13","1","25","95",".422",".716","1%"
"Dominic Fletcher","CWS","CF,RF","358","42","8","38","4",".237",".294","85","17","2","29","96",".365",".659","1%"
"Ji Man Choi","NYM","1B,DH","129","17","5","18","0",".223",".323","29","6","0","19","44",".402",".724","0%"
"Kyle Farmer","MIN","2B,3B,SS","246","29","6","30","2",".246",".290","61","11","1","15","55",".376",".667","1%"
"Taylor Walls","TB","2B,3B,SS","249","34","6","27","11",".207",".302","52","12","1","34","73",".338",".639","1%"
"Adam Frazier","KC","2B","284","37","4","30","6",".262",".317","74","15","2","23","41",".374",".691","1%"
"Connor Joe","PIT","1B,LF,RF","305","42","8","34","3",".242",".329","74","17","2","39","79",".392",".721","1%"
"Jared Triolo","PIT","1B,2B,3B","272","34","4","29","7",".249",".324","68","15","1","30","78",".360",".684","1%"
"Jo Adell","LAA","CF,RF","252","33","12","36","5",".224",".279","56","12","1","19","92",".420",".699","1%"
"Paul DeJong","CWS","SS","309","36","13","39","4",".206",".264","64","12","0","24","102",".380",".644","0%"
"Miguel Amaya","CHC","C","199","25","7","26","1",".224",".302","45","9","0","22","62",".377",".678","0%"
"Matt Mervis","CHC","1B","88","11","4","12","0",".229",".306","20","4","0","10","25",".405",".711","1%"
"Jose Trevino","NYY","C","250","27","6","29","1",".237",".273","59","11","1","12","46",".364",".637","1%"
"Will Brennan","CLE","LF,CF,RF","185","21","3","21","5",".271",".312","50","10","1","11","27",".374",".686","1%"
"Luis Urias","SEA","2B,3B","290","38","10","35","2",".225",".308","65","13","1","35","76",".378",".686","1%"
"Brooks Lee","MIN","SS","118","14","3","13","1",".244",".301","29","7","1","10","25",".378",".679","2%"
"Kike Hernandez","LAD","1B,2B,3B,CF,LF,SS","280","36","8","36","2",".235",".295","66","15","1","24","60",".385",".680","4%"
"Kyle Higashioka","SD","C","219","24","9","29","0",".220",".268","48","10","0","14","64",".392",".661","0%"
"Rob Refsnyder","BOS","LF,CF,RF","169","24","4","21","3",".260",".345","44","9","1","22","45",".392",".736","0%"
"Victor Caratini","HOU","C","209","25","6","27","1",".237",".305","50","8","0","21","50",".367",".672","0%"
"Justyn-Henry Malloy","DET","3B,LF","54","7","2","7","0",".237",".339","13","2","0","8","17",".388",".728","1%"
"Blake Sabol","SF","C,LF","69","9","2","9","1",".231",".296","16","3","0","6","23",".378",".674","1%"
"Jurickson Profar","SD","LF","374","48","9","41","4",".237",".318","89","20","1","45","73",".366",".684","1%"
"Chase DeLauter","CLE","CF,RF","93","10","1","10","1",".246",".289","23","5","0","6","18",".346",".635","3%"
"Austin Slater","SF","LF,CF","209","30","6","24","6",".251",".329","52","10","1","24","65",".394",".723","0%"
"Lawrence Butler","OAK","CF","293","34","9","34","7",".232",".287","68","14","1","23","85",".379",".666","1%"
"Randal Grichuk","ARI","CF,LF,RF","237","29","8","30","1",".249",".292","59","13","1","15","56",".408",".700","1%"
"Colson Montgomery","CWS","SS","182","24","5","21","1",".232",".314","42","8","1","22","50",".364",".678","4%"
"Ji Hwan Bae","PIT","2B,CF","217","31","2","21","13",".250",".315","54","11","2","21","54",".353",".668","1%"
"Garrett Cooper","CHC","1B,DH","188","23","7","26","0",".252",".315","47","9","1","17","57",".412",".726","2%"
"Jose Azocar","SD","CF,RF","266","31","4","25","14",".235",".273","62","11","2","14","69",".340",".613","0%"
"Nicky Lopez","CWS","2B,3B,SS","332","40","2","26","11",".242",".306","80","12","2","31","58",".310",".616","1%"
"Daniel Vogelbach","TOR","DH","59","8","3","9","0",".227",".337","13","2","0","10","17",".396",".733","1%"
"Dominic Canzone","SEA","LF,RF","290","37","11","39","4",".245",".298","71","16","1","22","63",".415",".713","0%"
"Nick Madrigal","CHC","2B,3B","216","27","1","21","6",".280",".318","60","11","2","12","23",".364",".682","0%"
"David Peralta","CHC","LF,RF","132","16","3","17","1",".262",".313","35","8","1","10","28",".409",".721","1%"
"Gabriel Arias","CLE","1B,3B,SS,RF","304","37","10","36","4",".234",".293","71","14","1","25","93",".385",".678","1%"
"Oscar Colas","CWS","CF,RF","139","17","4","15","1",".230",".276","32","6","0","9","41",".371",".648","1%"
"Tony Kemp","CIN","2B,LF","99","13","2","10","3",".242",".317","24","4","0","11","13",".341",".659","1%"
"Carson Kelly","DET","C","224","26","6","26","1",".222",".297","50","10","0","24","56",".358",".654","0%"
"Mike Ford","CIN","1B,DH","65","8","3","10","0",".214",".295","14","3","0","8","20",".417",".712","1%"
"Jake Bauers","MIL","1B,LF,RF","182","23","8","24","4",".216",".308","39","8","0","24","64",".399",".708","0%"
"Brandon Crawford","STL","SS","183","23","6","24","2",".233",".299","43","8","1","17","48",".376",".675","0%"
"Travis Jankowski","TEX","LF,CF,RF","143","20","1","12","8",".246",".337","35","6","1","20","30",".320",".657","0%"
"Justin Foscue","TEX","1B,2B,3B","146","19","4","18","2",".230",".302","33","8","1","15","29",".376",".678","1%"
"Avisail Garcia","MIA","LF,RF","284","33","10","36","4",".238",".289","68","11","1","20","87",".391",".680","0%"
"Gavin Sheets","CWS","1B,RF","241","26","10","32","1",".235",".301","57","11","0","23","56",".403",".704","0%"
"Richie Palacios","TB","LF,CF","117","15","2","14","3",".241",".319","28","7","1","13","22",".370",".689","0%"
"Nick Gordon","MIA","2B,LF,CF","240","30","6","27","6",".251",".289","60","13","2","13","55",".398",".687","0%"
"Joey Votto","TOR","1B","202","25","8","28","0",".211",".304","43","9","1","27","65",".384",".687","0%"
"Joey Loperfido","HOU","2B,CF,RF","36","5","1","5","1",".235",".311","8","2","0","4","11",".394",".705","0%"
"Jean Segura","","2B,3B","157","19","3","16","4",".255",".306","40","6","1","11","26",".362",".668","8%"
"Jose Miranda","MIN","3B","116","13","3","15","0",".255",".302","30","6","0","8","21",".399",".701","1%"
"Luken Baker","STL","1B,DH","45","6","2","6","0",".223",".302","10","2","0","5","13",".389",".691","0%"
"Robbie Grossman","","DH,LF,RF","236","32","7","29","4",".228",".326","54","12","1","34","68",".372",".698","3%"
"Spencer Horwitz","TOR","1B,DH","55","7","1","7","0",".255",".342","14","3","0","7","12",".387",".729","0%"
"Alec Burleson","STL","1B,LF,RF,DH","158","19","5","20","1",".262",".311","41","8","0","11","26",".409",".720","1%"
"Miguel Andujar","OAK","RF","234","27","7","29","3",".260",".309","61","12","1","17","39",".402",".711","1%"
"Trevor Larnach","MIN","LF,RF","169","23","6","24","1",".224",".313","38","8","1","22","63",".391",".704","0%"
"Kevin Pillar","CWS","LF,RF","176","23","7","24","3",".235",".272","41","8","1","9","43",".414",".685","0%"
"Martin Maldonado","CWS","C","233","25","9","26","1",".191",".256","44","8","0","20","84",".341",".597","0%"
"Andy Ibanez","DET","2B,3B,LF,RF","244","29","7","29","2",".254",".307","62","14","1","19","46",".399",".706","1%"
"Thomas Saggese","STL","2B,3B","49","6","1","6","0",".252",".299","12","3","0","3","13",".399",".698","1%"
"Ramon Urias","BAL","1B,2B,3B","252","31","6","30","2",".248",".305","63","13","1","21","67",".382",".687","1%"
"DJ Stewart","NYM","RF","143","19","7","20","1",".212",".298","30","6","0","17","46",".397",".695","0%"
"Jonny DeLuca","TB","LF,CF,RF","171","22","7","23","4",".232",".291","40","9","1","14","40",".408",".699","0%"
"Cade Marlowe","SEA","LF","124","15","3","14","5",".213",".276","26","5","1","11","44",".356",".632","0%"
"Vidal Brujan","MIA","2B","156","21","3","16","10",".234",".296","36","7","1","14","34",".357",".653","0%"
"Donovan Solano","","1B,2B,3B","270","31","5","29","0",".270",".326","73","15","0","23","64",".380",".706","2%"
"Matt Thaiss","LAA","C","160","20","5","19","1",".216",".305","35","6","0","21","47",".357",".662","0%"
"Luke Maile","CIN","C","182","21","5","22","1",".232",".298","42","10","0","17","55",".377",".675","0%"
"Dylan Moore","SEA","2B,SS,LF","181","26","7","21","12",".209",".291","38","9","1","21","64",".380",".671","0%"
"Nick Gonzales","PIT","2B,SS","119","14","2","13","1",".234",".300","28","7","1","11","38",".370",".670","0%"
"Ronny Mauricio","NYM","2B,3B","35","4","1","4","1",".245",".286","9","2","0","2","9",".398",".683","2%"
"Evan Longoria","","3B,DH","170","21","8","24","0",".230",".299","39","8","0","17","55",".414",".714","1%"
"Santiago Espinal","TOR","2B,3B,SS","214","26","3","23","3",".262",".316","56","12","0","17","35",".364",".681","1%"
"Jacob Young","WSH","CF","73","9","1","7","4",".252",".304","18","3","0","6","14",".329",".633","1%"
"AJ Pollock","","CF,DH,LF,RF","84","11","3","11","1",".245",".294","21","4","0","6","19",".418",".712","1%"
"Reese McGuire","BOS","C","219","23","2","21","2",".247",".291","54","12","1","13","55",".347",".638","0%"
"Elvis Andrus","ARI","2B,SS","83","10","1","9","3",".257",".302","21","4","0","5","15",".362",".664","6%"
"Josh Donaldson","","3B","189","25","10","28","1",".217",".308","41","9","0","25","57",".422",".730","1%"
"Max Stassi","CWS","C","221","26","8","25","0",".209",".285","46","8","1","24","75",".357",".642","0%"
"Michael Toglia","COL","1B,RF","72","9","3","9","1",".223",".294","16","4","0","7","24",".388",".683","0%"
"Jordan Diaz","OAK","1B,2B,3B","134","13","4","15","0",".246",".286","33","7","0","8","28",".381",".667","0%"
"Stuart Fairchild","CIN","LF,CF,RF","174","24","6","22","5",".228",".296","40","9","1","17","56",".392",".688","0%"
"Jakob Marsee","SD","CF","175","25","5","20","7",".230",".319","40","8","1","23","45",".361",".680","0%"
"Korey Lee","CWS","C","98","10","2","10","2",".212",".257","21","4","0","6","31",".335",".592","0%"
"Edmundo Sosa","PHI","3B,SS","177","23","5","21","4",".247",".277","44","8","1","7","45",".392",".670","0%"
"Kolten Wong","BAL","2B","88","12","2","10","2",".239",".297","21","4","0","7","19",".363",".660","7%"
"Oswaldo Cabrera","NYY","2B,3B,SS,LF,RF","131","16","4","16","4",".229",".289","30","6","0","11","35",".379",".668","1%"
"Everson Pereira","NYY","LF","39","5","1","5","1",".229",".284","9","2","0","3","14",".380",".664","0%"
"Deyvison De Los Santos","CLE","1B,3B","170","18","5","20","1",".234",".269","40","7","0","8","52",".372",".641","0%"
"Matt Shaw","CHC","2B,SS","70","9","2","8","4",".257",".295","18","3","1","4","15",".405",".700","2%"
"Romy Gonzalez","BOS","2B","88","11","3","11","3",".229",".275","20","4","1","6","31",".386",".660","0%"
"Emmanuel Rivera","ARI","1B,3B","152","20","4","19","1",".254",".308","39","8","1","12","34",".405",".713","0%"
"Andrew Knizner","TEX","C","134","16","5","16","1",".225",".282","30","6","0","11","36",".371",".653","0%"
"Omar Narvaez","NYM","C","197","22","4","21","0",".236",".311","47","9","1","21","45",".354",".665","0%"
"Andruw Monasterio","MIL","2B,3B,SS","178","23","3","19","4",".245",".319","43","9","1","19","45",".360",".679","0%"
"Orelvis Martinez","TOR","2B,3B,SS","113","14","5","17","1",".218",".287","25","6","0","11","35",".409",".697","1%"
"Matt Carpenter","STL","1B,DH","152","20","6","21","1",".208",".315","32","8","1","24","50",".382",".698","0%"
"Dairon Blanco","KC","LF,CF,RF","73","10","1","8","8",".252",".303","18","3","1","5","19",".376",".679","0%"
"Jace Jung","DET","2B","41","5","1","5","0",".226",".304","9","2","0","5","13",".363",".667","1%"
"Eric Haase","MIL","C,LF","67","7","2","8","0",".221",".273","15","3","0","5","22",".370",".643","0%"
"Sam Huff","TEX","C","62","8","3","9","0",".231",".296","14","3","0","6","22",".413",".709","0%"
"James McCann","BAL","C","171","19","5","20","2",".235",".281","40","7","0","11","48",".363",".644","0%"
"Alexander Canario","CHC","RF,DH","64","8","3","8","1",".225",".284","14","3","0","5","21",".402",".686","0%"
"Luisangel Acuna","NYM","2B,SS","35","4","1","3","2",".243",".299","8","1","0","3","8",".348",".647","3%"
"Casey Schmitt","SF","2B,3B,SS","80","9","2","9","1",".237",".278","19","4","0","5","20",".364",".642","0%"
"Jace Peterson","ARI","2B,3B","129","16","3","14","5",".232",".314","30","5","1","15","35",".347",".661","0%"
"Nick Loftin","KC","1B,2B","93","11","2","11","2",".252",".303","23","5","0","7","17",".374",".677","0%"
"Nick Pratto","KC","1B,LF","255","32","9","32","2",".215",".298","55","12","1","30","100",".380",".678","1%"
"Jake Cave","PHI","1B,LF,RF","91","11","3","11","1",".234",".296","21","5","1","8","28",".394",".690","0%"
"Wil Myers","","1B,LF,RF","136","17","4","17","2",".230",".297","31","6","0","13","45",".374",".671","5%"
"Raimel Tapia","","LF,CF,RF","138","18","2","14","6",".247",".302","34","6","1","11","31",".358",".660","0%"
"Owen Miller","MIL","1B,2B,3B","130","15","3","14","3",".251",".298","33","7","0","9","28",".372",".670","0%"
"Riley Adams","WSH","C","147","16","5","18","0",".221",".287","33","8","1","14","51",".384",".671","0%"
"Miguel Rojas","LAD","SS","224","27","4","24","5",".255",".300","57","11","1","15","31",".364",".665","0%"
"Andy Pages","LAD","CF,RF","36","5","1","5","0",".226",".302","8","2","0","4","11",".402",".704","1%"
"Lenyn Sosa","CWS","2B,3B","176","19","6","21","1",".241",".276","43","8","0","8","43",".395",".671","0%"
"Jacob Stallings","COL","C","173","19","3","19","0",".241",".311","42","9","0","18","44",".351",".662","0%"
"Enmanuel Valdez","BOS","2B","142","19","5","20","2",".244",".312","35","8","1","14","37",".423",".734","0%"
"Garrett Hampson","KC","2B,SS,LF,CF,RF","172","22","3","16","6",".243",".304","42","8","1","15","47",".351",".656","0%"
"Abraham Toro","OAK","1B,2B,3B","229","26","6","26","3",".232",".296","53","13","1","21","49",".373",".670","0%"
"Brian Anderson","SEA","3B,LF,RF","89","11","3","10","1",".225",".300","20","4","0","10","28",".366",".665","3%"
"Austin Barnes","LAD","C","148","19","4","16","2",".216",".291","32","6","0","16","37",".333",".624","0%"
"Alex Jackson","TB","C","125","15","5","17","0",".211",".264","26","6","0","9","45",".393",".656","0%"
"Aledmys Diaz","OAK","1B,2B,3B,SS,LF","211","21","5","23","1",".239",".281","50","12","0","12","42",".368",".649","0%"
"Bobby Dalbec","BOS","1B","103","13","5","14","2",".217",".283","22","4","0","9","43",".404",".687","0%"
"Francisco Mejia","TB","C","77","9","2","9","0",".235",".268","18","4","0","4","18",".378",".647","0%"
"Brennen Davis","CHC","LF,RF","28","3","1","3","0",".204",".270","6","1","0","3","9",".344",".614","0%"
"Dominic Smith","CHC","1B","90","11","2","11","0",".256",".315","23","4","0","8","18",".389",".704","1%"
"Josh H. Smith","TEX","3B,SS,LF","124","17","3","14","3",".232",".314","29","6","1","15","33",".368",".682","0%"
"Samad Taylor","SEA","2B,LF","36","5","1","4","3",".230",".312","8","2","0","4","11",".347",".659","0%"
"Joey Wendle","NYM","SS","252","29","3","24","7",".239",".277","60","14","2","13","56",".347",".624","0%"
"Ben Rice","NYY","C","46","6","2","7","1",".248",".323","11","2","0","5","11",".420",".743","0%"
"Roman Anthony","BOS","CF","18","3","0","2","0",".258",".351","5","1","0","3","5",".388",".739","2%"
"Yuli Gurriel","","1B","146","17","3","16","2",".258",".306","38","8","0","10","21",".375",".682","1%"
"Cristian Pache","PHI","LF,CF","154","18","4","17","3",".224",".287","34","7","1","14","47",".357",".643","0%"
"David Fry","CLE","C,1B,RF","95","11","3","12","1",".234",".292","22","5","0","8","25",".397",".689","0%"
"Brady House","WSH","3B,SS","37","4","1","4","0",".246",".281","9","2","0","2","11",".360",".641","1%"
"Alex Call","WSH","LF,CF,RF","104","13","3","11","3",".219",".307","23","5","0","13","23",".362",".670","0%"
"Corey Julks","HOU","LF","91","12","3","11","3",".234",".297","21","5","0","8","24",".380",".677","0%"
"Carter Kieboom","WSH","3B","161","19","5","19","1",".229",".300","37","7","0","17","44",".364",".665","0%"
"Jared Walsh","TEX","1B,RF","76","9","3","10","0",".216",".285","16","4","0","7","28",".393",".679","0%"
"Eduardo Escobar","TOR","2B,3B","90","10","3","12","0",".230",".283","21","4","1","7","23",".384",".668","2%"
"Miguel Sano","LAA","1B","91","13","5","14","1",".214",".298","19","4","0","11","37",".438",".735","0%"
"Adael Amador","COL","2B,SS","28","4","1","3","1",".271",".344","8","1","0","3","5",".416",".760","1%"
"Tyler Freeman","CLE","2B,3B,SS","155","20","3","18","4",".267",".315","41","8","1","11","25",".382",".698","0%"
"Jeferson Quero","MIL","C","20","2","1","2","0",".227",".287","5","1","0","2","5",".374",".661","1%"
"Garrett Stubbs","PHI","C","99","13","2","11","2",".219",".297","22","4","1","11","27",".333",".630","0%"
"Jake Alu","WSH","2B,LF","89","10","1","10","2",".251",".303","22","5","0","7","19",".362",".665","0%"
"Sam Hilliard","COL","CF","172","24","7","22","5",".224",".298","39","8","1","18","62",".412",".710","0%"
"Trey Mancini","MIA","1B,LF,RF,DH","105","13","3","13","0",".243",".308","26","5","0","10","29",".381",".689","2%"
"Juan Yepez","WSH","1B,LF,RF","58","7","2","8","0",".232",".286","14","3","0","4","15",".419",".704","1%"
"Cal Mitchell","SD","LF,RF","65","7","2","8","1",".236",".288","15","3","0","5","18",".360",".648","0%"
"Seby Zavala","SEA","C","122","13","4","13","1",".189",".253","23","5","0","11","50",".323",".576","0%"
"Mike Zunino","","C","17","2","1","2","0",".191",".256","3","1","0","1","7",".370",".626","1%"
"Otto Lopez","SF","2B,LF,SS","39","5","0","3","1",".256",".308","10","2","0","3","7",".352",".660","0%"
"Spencer Jones","NYY","CF","52","6","2","5","3",".217",".278","11","2","0","4","17",".360",".638","4%"
"Austin Hedges","CLE","C","184","18","4","18","1",".196",".249","36","6","0","13","51",".298",".547","0%"
"Drew Gilbert","NYM","CF,RF","33","5","1","3","1",".218",".314","7","2","0","5","8",".347",".661","1%"
"Graham Pauley","SD","3B","209","28","7","27","4",".247",".303","52","11","1","17","50",".407",".710","1%"
"Austin Martin","MIN","2B,LF,SS","36","4","0","4","1",".224",".306","8","2","0","4","8",".295",".601","0%"
"Connor Norby","BAL","2B,LF","39","5","1","4","1",".246",".305","10","2","0","3","10",".391",".696","1%"
"Mike Moustakas","CWS","1B,3B","102","12","4","13","0",".223",".281","23","5","0","8","28",".376",".657","2%"
"Tyler Naquin","","LF,RF","101","11","3","12","1",".222",".272","22","5","1","7","33",".374",".646","0%"
"Troy Johnston","MIA","1B","76","9","2","9","1",".245",".307","19","4","0","7","19",".384",".690","0%"
"Joey Bart","SF","C","58","6","2","6","0",".214",".273","12","2","0","5","20",".345",".618","0%"
"Nick Allen","OAK","SS","294","32","4","25","8",".236",".289","69","13","1","22","54",".331",".619","0%"
"Nick Maton","BAL","2B,3B","47","6","1","6","0",".218",".302","10","2","0","6","14",".361",".663","0%"
"Eguy Rosario","SD","3B","101","12","3","11","3",".233",".293","23","5","1","9","26",".371",".665","0%"
"Tucker Barnhart","ARI","C","111","11","1","10","0",".217",".285","24","4","0","11","34",".296",".581","0%"
"Ryan Bliss","SEA","2B,SS","50","6","1","5","3",".218",".270","11","2","0","4","13",".337",".607","0%"
"Kole Calhoun","","1B,LF,RF","150","17","5","19","1",".221",".283","33","7","1","13","41",".373",".656","1%"
"Owen Caissie","CHC","RF","20","2","1","3","0",".209",".295","4","1","0","2","8",".413",".708","1%"
"Trey Cabbage","HOU","1B,RF","38","5","1","5","1",".212",".270","8","2","0","3","16",".382",".653","0%"
"Ildemaro Vargas","WSH","2B,3B,SS,LF","203","22","3","21","2",".247",".292","50","11","1","13","25",".355",".648","0%"
"Austin Wynns","CIN","C","61","6","1","6","0",".222",".285","14","2","0","5","16",".328",".612","0%"
"Harold Castro","","1B,2B,3B,CF,SS","163","16","2","17","0",".265",".296","43","8","1","7","37",".356",".652","1%"
"Coco Montes","COL","2B","23","3","1","3","0",".246",".304","6","1","0","2","7",".412",".716","0%"
"Corey Dickerson","","LF,RF","124","14","3","14","1",".255",".295","32","7","1","7","25",".385",".680","0%"
"Jonathan Schoop","","2B,3B","124","14","3","14","1",".235",".278","29","6","0","7","30",".365",".643","0%"
"Jason Delay","PIT","C","69","7","1","6","0",".221",".273","15","4","0","5","19",".315",".587","0%"
"Brett Sullivan","SD","C","58","6","1","6","1",".231",".286","13","3","0","4","10",".336",".622","0%"
"Jacob Amaya","MIA","SS","43","5","1","4","0",".219",".299","9","2","0","5","10",".329",".628","0%"
"Weston Wilson","PHI","LF","44","5","2","5","2",".202",".278","9","2","0","5","15",".350",".627","0%"
"Austin Nola","KC","C","42","5","1","5","0",".242",".312","10","2","0","4","8",".335",".647","0%"
"Alan Trejo","COL","2B,3B,SS","126","15","4","15","2",".246",".289","31","7","1","7","32",".401",".690","0%"
"Keston Hiura","DET","1B,2B,LF","70","9","3","10","1",".231",".295","16","3","0","6","25",".414",".709","0%"
"Braden Shewmake","CWS","2B,SS","123","14","3","13","3",".218",".263","27","6","1","8","30",".354",".617","0%"
"Jose Herrera","ARI","C","58","6","1","5","0",".215",".292","12","2","0","6","15",".285",".577","0%"
"Manny Pina","","C","39","5","2","5","0",".222",".285","9","2","0","3","9",".383",".668","0%"
"Jon Singleton","HOU","1B","141","18","5","18","0",".204",".311","29","6","0","22","47",".365",".675","0%"
"Curt Casali","MIA","C","45","5","1","5","0",".207",".292","9","2","0","5","15",".308",".600","0%"
"Drew Romo","COL","C","39","5","1","5","1",".253",".296","10","2","0","2","8",".389",".685","0%"
"Roberto Perez","BOS","C","45","5","2","5","0",".204",".286","9","1","0","5","17",".346",".632","0%"
"Chadwick Tromp","ATL","C","23","2","1","3","0",".207",".275","5","1","0","2","6",".343",".618","0%"
"Jacob Hurtubise","CIN","CF,LF,RF","29","4","0","3","1",".252",".335","7","1","0","4","7",".314",".649","0%"
"Kyle Stowers","BAL","RF","56","7","2","7","0",".221",".296","12","2","0","6","19",".389",".685","0%"
"Chad Wallach","LAA","C","47","5","2","5","0",".189",".259","9","2","0","4","16",".335",".595","0%"
"Drew Millas","WSH","C","35","4","0","4","0",".240",".312","8","2","0","4","8",".320",".631","0%"
"Ernie Clement","TOR","2B,SS","92","11","2","10","1",".261",".304","24","5","0","6","11",".373",".677","0%"
"Nick Ahmed","SF","SS","247","27","4","25","5",".226",".277","56","13","2","17","62",".343",".620","0%"
"Ben Rortvedt","NYY","C","44","5","1","5","0",".199",".274","9","2","0","4","14",".338",".612","0%"
"Carlos Perez","OAK","1B,C","46","4","2","5","0",".198",".264","9","2","0","4","9",".355",".620","0%"
"Rafael Marchan","PHI","C","31","3","0","3","0",".237",".298","7","2","0","3","5",".318",".616","0%"
"Matthew Batten","SD","2B,3B","116","13","2","10","4",".210",".287","24","4","0","12","34",".293",".580","0%"
"Donny Sands","DET","C","42","4","1","4","0",".219",".284","9","2","0","4","10",".314",".598","0%"
"Tyler Heineman","BOS","C","31","3","0","3","0",".223",".293","7","1","0","3","7",".296",".590","0%"
"Sam Haggerty","SEA","2B,LF","94","13","2","10","6",".237",".307","22","5","1","10","24",".358",".665","0%"
"Ali Sanchez","PIT","C","20","2","0","2","0",".230",".285","5","1","0","2","5",".317",".602","0%"
"David Fletcher","ATL","2B,SS","111","13","1","11","2",".266",".303","30","5","0","6","11",".337",".640","0%"
"Luis Guillorme","ATL","2B,3B","92","11","1","9","0",".251",".331","23","4","0","11","18",".324",".655","0%"
"Rob Brantly","TB","C","43","4","1","4","0",".220",".273","9","2","0","3","9",".306",".579","0%"
"Pedro Pages","STL","C","28","3","1","3","0",".219",".282","6","1","0","2","8",".354",".636","0%"
"Forrest Wall","ATL","LF","63","9","1","6","6",".228",".289","14","3","0","5","19",".320",".609","0%"
"Cam Gallagher","PHI","C","73","6","1","7","0",".187",".233","14","3","0","4","22",".271",".503","0%"
"Osleivis Basabe","TB","3B,SS","36","4","0","4","1",".254",".302","9","2","0","3","7",".355",".657","0%"
"Dillon Dingler","DET","C","26","3","1","3","0",".214",".273","6","1","0","2","9",".362",".635","0%"
"Oliver Dunn","MIL","2B,3B","31","4","1","3","1",".215",".304","7","2","0","4","12",".349",".653","0%"
"Logan Porter","KC","C","27","3","1","3","0",".220",".305","6","1","0","3","8",".331",".637","0%"
"Tyler Gentry","KC","RF","82","10","2","10","1",".242",".315","20","4","0","9","23",".371",".686","0%"
"Michael Perez","BAL","C","29","3","1","3","0",".184",".255","5","1","0","3","9",".289",".544","0%"
"Sandy Leon","KC","C","52","5","1","4","0",".182",".253","10","2","0","5","17",".272",".525","0%"
"Jair Camargo","MIN","C","22","2","1","3","0",".215",".258","5","1","0","1","8",".392",".650","0%"
"Anthony Bemboom","DET","C","32","3","1","3","0",".199",".268","6","1","0","3","8",".289",".557","0%"
"Pablo Reyes","BOS","2B,SS","107","14","2","12","3",".250",".311","27","6","0","10","21",".373",".684","0%"
"Tomas Nido","NYM","C","18","2","0","2","0",".213",".250","4","1","0","1","5",".289",".540","0%"
"Cesar Salazar","HOU","C","27","3","0","3","0",".207",".267","6","1","0","2","6",".299",".566","0%"
"Taylor Trammell","SEA","LF","66","9","3","8","2",".202",".291","13","3","0","8","24",".361",".652","0%"
"Hanser Alberto","","2B,3B","91","10","2","10","1",".256",".279","23","5","1","3","14",".379",".659","0%"
"Jorge Alfaro","CHC","C,DH","42","4","1","5","0",".235",".272","10","2","0","2","14",".349",".621","0%"
"Rougned Odor","","2B,RF","120","15","4","16","1",".218",".283","26","6","0","11","32",".383",".666","0%"
"Brian Serven","TOR","C","35","3","1","4","0",".189",".239","7","1","0","2","11",".302",".541","0%"
"Addison Barger","TOR","3B,SS,RF","41","5","1","5","0",".233",".296","10","2","0","4","12",".381",".678","0%"
"Kyle Lewis","","DH","62","8","2","8","0",".237",".312","15","3","0","7","19",".398",".710","0%"
"Bryan Ramos","CWS","3B","37","5","1","4","1",".230",".303","9","2","0","4","9",".385",".688","0%"
"Brad Miller","SD","3B,DH,LF","98","12","4","12","1",".205",".288","20","3","0","11","31",".355",".643","0%"
"Hunter Feduccia","LAD","C","11","1","0","1","0",".207",".288","2","0","0","1","3",".320",".608","0%"
"J.P. Martinez","ATL","LF","53","7","1","6","3",".217",".298","12","2","0","6","19",".343",".642","0%"
"Miles Mastrobuoni","CHC","2B,3B,RF","55","7","1","5","2",".253",".331","14","3","0","6","14",".353",".683","0%"
"Blake Hunt","SEA","C","23","3","1","3","0",".205",".258","5","1","0","2","7",".361",".619","0%"
"Kyle McCann","OAK","C","18","2","0","2","0",".182",".252","3","1","0","2","8",".289",".541","0%"
"Michael Stefanic","LAA","2B,3B","75","9","1","7","1",".265",".336","20","3","0","8","10",".346",".682","0%"
"Israel Pineda","WSH","C","15","1","0","2","0",".203",".256","3","1","0","1","4",".341",".597","0%"
"Luke Voit","NYM","1B","70","9","3","10","0",".216",".297","15","3","0","8","26",".391",".688","0%"
"Paul McIntosh","MIA","C","11","1","0","1","0",".218",".286","2","0","0","1","3",".341",".627","0%"
"Payton Henry","TOR","C","10","1","0","1","0",".219",".268","2","0","0","1","3",".337",".605","0%"
"Pedro Leon","HOU","2B,CF","38","4","1","4","2",".191",".279","7","2","0","5","14",".323",".602","0%"
"Wade Meckler","SF","CF","65","9","1","7","1",".268",".341","17","4","0","7","16",".364",".704","0%"
"Andrew Knapp","TEX","1B,C","11","1","0","1","0",".206",".264","2","0","0","1","4",".320",".585","0%"
"Darin Ruf","","1B,LF,RF,DH","55","7","2","7","0",".224",".317","12","2","0","7","18",".386",".703","0%"
"Tommy La Stella","","DH","57","7","1","6","0",".243",".306","14","3","0","5","10",".366",".672","0%"
"Jordan Luplow","PHI","LF,RF","54","8","2","7","1",".213",".298","12","2","0","7","15",".388",".686","0%"
"Blake Perkins","MIL","LF,CF,RF","55","7","1","6","2",".216",".307","12","3","0","7","17",".351",".658","0%"
"Rece Hinds","CIN","RF","25","3","1","4","0",".223",".270","6","1","0","2","10",".409",".679","0%"
"Kyren Paris","LAA","SS","35","5","1","3","2",".221",".311","8","2","0","5","13",".335",".645","0%"
"Oscar Mercado","SD","LF,RF","66","8","2","7","3",".219",".273","15","3","0","5","16",".352",".625","0%"
"Brett Wisely","SF","2B,CF","48","6","1","5","1",".229",".302","11","2","0","5","14",".350",".653","0%"
"Nathan Lukes","TOR","RF","68","8","1","7","1",".255",".310","17","4","0","5","14",".352",".662","0%"
"Michael Chavis","SEA","1B,2B,3B","108","12","3","12","1",".223",".266","24","4","0","6","35",".368",".634","0%"
"Kenedy Corona","HOU","CF,RF","31","4","1","4","1",".219",".281","7","2","0","3","9",".369",".650","0%"
"Evan White","LAA","1B","47","5","2","6","0",".201",".269","9","2","0","4","14",".376",".645","0%"
"Tucupita Marcano","SD","2B,SS","62","7","1","6","1",".239",".298","15","3","0","5","12",".343",".641","0%"
"Nasim Nunez","WSH","2B,SS","65","8","0","5","4",".219",".300","14","2","0","7","17",".278",".577","0%"
"Zach Remillard","CWS","2B,3B","58","7","1","5","2",".213",".278","12","2","0","5","16",".303",".580","0%"
"Jose Barrero","TEX","SS,CF","58","7","2","7","2",".212",".261","12","3","0","4","21",".360",".621","0%"
"Matt Duffy","TEX","1B,2B,3B","120","13","1","11","1",".248",".300","30","5","0","9","26",".322",".621","0%"
"Jose Rodriguez","CWS","2B,SS","76","9","3","8","4",".235",".274","18","3","0","4","17",".378",".652","0%"
"Danny Mendick","CWS","2B,3B,SS","71","8","1","7","1",".237",".297","17","3","0","6","15",".339",".635","0%"
"Canaan Smith-Njigba","PIT","RF","45","5","1","5","1",".231",".311","10","2","0","5","14",".350",".662","0%"
"Nathan Martorella","SD","1B","41","5","1","5","0",".226",".296","9","2","0","4","10",".365",".661","0%"
"Alika Williams","PIT","SS","41","5","1","4","0",".229",".291","9","2","0","4","10",".327",".619","0%"
"Jesus Aguilar","","1B","91","10","3","12","0",".226",".288","21","4","0","8","24",".375",".664","1%"
"Josh Harrison","CIN","2B,3B","59","7","1","6","1",".247",".285","15","3","0","3","12",".349",".635","0%"
"Kevin Newman","ARI","1B,2B,3B,SS","84","10","1","8","2",".262",".305","22","5","0","5","12",".360",".665","1%"
"George Valera","CLE","LF,CF,RF","60","7","2","7","0",".214",".308","13","3","0","8","20",".360",".668","0%"
"Pavin Smith","ARI","1B,RF,DH","59","7","2","7","0",".241",".325","14","3","0","7","13",".389",".714","0%"
"Kevin Smith","NYY","3B,SS","88","10","3","10","2",".210",".260","18","4","0","6","29",".365",".624","0%"
"Nick Martini","CIN","LF","56","7","2","7","0",".238",".315","13","2","0","6","15",".394",".709","0%"
"Ryan McKenna","BAL","LF,CF,RF","49","7","1","5","1",".220",".286","11","2","0","4","17",".358",".645","0%"
"Franmil Reyes","","DH,LF,RF","78","9","4","11","0",".225",".288","18","3","0","7","27",".405",".694","1%"
"Jackie Bradley Jr.","","CF,RF","82","9","2","8","1",".204",".257","17","4","0","6","23",".311",".568","0%"
"Hunter Dozier","LAA","1B,3B,LF,RF","51","6","2","6","1",".218",".283","11","2","0","5","16",".384",".667","0%"
"Rodolfo Castro","PHI","2B,3B,SS","52","6","2","7","1",".216",".279","11","2","0","5","17",".388",".667","0%"
"Jose Fermin","STL","2B,3B","27","4","0","3","0",".236",".312","6","1","0","3","4",".323",".635","0%"
"Jonathan Davis","MIA","CF","44","6","1","4","2",".218",".293","10","2","0","5","13",".314",".607","0%"
"David Villar","SF","2B,3B","39","5","1","5","0",".213",".288","8","2","0","4","13",".364",".652","0%"
"Luis Torrens","NYY","C,DH","101","11","3","12","0",".229",".285","23","4","0","8","30",".373",".658","0%"
"Tyler Fitzgerald","SF","SS,CF","50","6","1","6","1",".219",".272","11","2","1","4","16",".371",".643","0%"
"Jake Marisnick","LAA","CF,LF","38","4","1","4","1",".218",".273","8","2","0","3","13",".342",".615","0%"
"Yu Chang","TB","1B,2B,SS","75","9","3","9","1",".215",".265","16","3","0","5","24",".371",".637","0%"
"Kody Clemens","PHI","1B","44","6","2","6","0",".213",".281","9","2","0","4","13",".374",".655","0%"
"Franchy Cordero","","1B,LF,RF","68","9","3","9","1",".229",".297","16","3","0","7","24",".403",".700","1%"
"Blaze Alexander","ARI","2B,SS","70","8","2","8","1",".223",".289","16","3","0","6","24",".343",".631","0%"
"Alfonso Rivas","STL","1B","41","5","1","4","1",".232",".312","9","2","0","5","12",".340",".652","0%"
"Willie Calhoun","LAA","DH,RF","50","6","1","6","0",".240",".307","12","2","0","5","8",".369",".676","0%"
"Andrew Velazquez","ATL","2B,SS","59","8","1","5","4",".205",".262","12","2","0","5","21",".318",".580","0%"
"Brett Harris","OAK","3B","22","2","0","2","0",".223",".285","5","1","0","2","5",".330",".615","0%"
"Brett Phillips","CWS","CF,RF","81","10","3","8","3",".177",".264","14","2","0","10","38",".315",".579","0%"
"Dane Myers","MIA","CF","39","5","1","5","1",".258",".305","10","2","0","3","11",".368",".673","0%"
"Bubba Thompson","CIN","LF","35","5","1","3","3",".236",".280","8","2","0","2","11",".330",".610","0%"
"Tyler Wade","SD","2B,3B,SS","53","7","1","4","4",".225",".287","12","2","0","5","15",".305",".591","0%"
"Christian Arroyo","MIL","1B,2B,3B,SS,RF","40","5","1","5","1",".247",".284","10","2","0","2","9",".362",".646","1%"
"Grae Kessinger","HOU","3B,SS","54","7","1","6","1",".205",".281","11","2","0","6","16",".315",".595","0%"
"Jordyn Adams","LAA","CF,RF","74","9","2","7","3",".211",".267","16","3","0","6","26",".319",".586","0%"
"Jared Young","STL","1B","32","4","1","4","0",".220",".287","7","1","0","3","9",".346",".633","0%"
"Dustin Harris","TEX","1B,LF","23","3","1","3","1",".234",".318","5","1","0","3","7",".369",".687","0%"
"Trayce Thompson","NYM","LF,CF,RF","43","5","2","6","1",".191",".279","8","1","0","5","19",".343",".622","1%"
"Zach DeLoach","CWS","RF","52","6","1","6","0",".214",".288","11","2","0","5","18",".342",".630","0%"
"Aaron Schunk","COL","2B,3B","29","3","1","3","0",".244",".287","7","2","0","2","8",".386",".673","0%"
"Ben Gamel","NYM","1B,LF,RF","41","5","1","4","1",".225",".314","9","2","0","5","12",".341",".655","0%"
"Jonah Bride","MIA","3B","47","6","1","5","0",".234",".320","11","2","0","6","10",".337",".657","0%"
"Mike Brosseau","KC","3B","31","4","1","4","0",".218",".277","7","1","0","3","9",".352",".629","0%"
"Johnathan Rodriguez","CLE","LF,RF","30","3","1","4","0",".236",".293","7","2","0","2","10",".419",".712","0%"
"Darick Hall","PHI","1B","38","4","2","5","0",".222",".288","8","2","0","3","11",".406",".694","0%"
"Max Schuemann","OAK","LF,CF","14","2","0","1","1",".208",".308","3","1","0","2","4",".301",".609","0%"
"Bryce Johnson","SD","CF","61","8","1","6","3",".223",".284","14","3","0","5","20",".325",".609","0%"
"Zack Short","NYM","2B,3B,SS","50","6","2","6","1",".194",".294","10","2","0","7","17",".336",".630","0%"
"Ryan Kreidler","DET","SS","36","5","1","4","1",".210",".284","8","2","0","4","12",".366",".651","0%"
"Jeter Downs","NYY","2B,3B,SS","53","7","2","6","3",".200",".278","11","2","0","6","18",".340",".617","0%"
"Leo Jimenez","TOR","2B,SS","25","3","0","3","0",".237",".307","6","1","0","3","6",".331",".639","0%"
"Jonathan Ornelas","TEX","SS","30","4","0","3","0",".230",".293","7","1","0","3","9",".310",".604","0%"
"Tirso Ornelas","SD","LF,RF","43","5","1","5","0",".238",".296","10","2","0","4","11",".359",".655","0%"
"Julio Carreras","COL","SS","35","4","1","3","1",".247",".298","9","2","0","3","9",".360",".658","0%"
"TJ Hopkins","DET","RF","36","4","1","4","0",".231",".299","8","1","0","3","11",".367",".666","0%"
"Jose Iglesias","NYM","SS","32","3","0","3","0",".248",".282","8","2","0","2","5",".335",".617","0%"
"Tyler Nevin","BAL","1B,3B","32","4","1","4","0",".243",".312","8","1","0","3","7",".347",".659","0%"
"David Dahl","PHI","LF,RF","16","2","0","2","0",".229",".281","4","1","0","1","4",".318",".600","0%"
"Luke Williams","ATL","2B,3B,LF,SS","45","6","1","4","3",".216",".276","10","2","0","4","13",".317",".592","0%"
"Ehire Adrianza","LAA","2B,3B,SS","36","4","1","4","0",".218",".284","8","2","0","3","9",".326",".610","0%"
"Kyle Garlick","ARI","LF,RF","56","7","2","7","0",".213",".273","12","2","0","5","20",".372",".645","0%"
"Cooper Hummel","SF","DH","23","3","0","2","1",".203",".307","5","1","0","3","7",".323",".630","0%"
"Jake Lamb","PIT","1B,LF","43","5","1","5","0",".220",".304","9","2","0","5","13",".339",".643","0%"
"Lazaro Armenteros","OAK","LF,RF","19","2","1","2","0",".201",".274","4","1","0","2","9",".312",".586","0%"
"Jose Tena","CLE","SS","35","4","1","4","1",".238",".290","8","2","0","3","11",".349",".639","0%"
"Jorge Barrosa","ARI","LF,CF","24","3","0","2","1",".234",".308","6","1","0","3","5",".351",".659","0%"
"Michael Siani","STL","CF","43","5","1","4","2",".208",".286","9","2","0","5","11",".310",".597","0%"
"Vinny Capra","MIL","3B,SS","24","3","0","3","0",".248",".329","6","1","0","3","6",".331",".660","0%"
"Jimmy Herron","COL","CF","43","6","1","5","2",".244",".306","10","2","0","4","11",".383",".688","0%"
"Austin Shenton","TB","1B,3B","22","3","1","3","0",".224",".317","5","1","0","3","8",".382",".699","0%"
"Leury Garcia","ATL","2B,3B,SS,LF,RF","43","6","1","4","1",".247",".291","11","2","0","3","10",".342",".633","0%"
"Andre Lipcius","LAD","3B","38","5","1","4","0",".240",".318","9","2","0","4","9",".365",".683","0%"
"Jordan Groshans","NYY","1B,3B","45","5","1","4","0",".231",".306","10","2","0","5","10",".324",".630","0%"
"Rafael Ortega","CWS","CF,LF,RF","55","7","1","5","2",".213",".298","12","2","0","7","14",".323",".621","0%"
"Yunior Severino","MIN","1B,2B,3B","20","3","1","3","0",".222",".293","5","1","0","2","8",".372",".665","0%"
"David Hensley","HOU","2B","36","4","1","3","1",".209",".297","7","2","0","4","12",".307",".604","0%"
"Tim Locastro","SD","LF","41","6","1","4","2",".208",".252","9","2","0","2","12",".319",".571","0%"
"David Hamilton","BOS","SS","20","3","0","2","2",".221",".301","4","1","0","2","6",".342",".643","0%"
"Gilberto Celestino","PIT","LF,CF,RF","39","4","1","4","1",".235",".315","9","2","0","4","9",".331",".646","0%"
"Clint Frazier","","LF,RF","56","7","2","5","1",".199",".284","11","2","0","7","20",".328",".611","0%"
"Heliot Ramos","SF","LF,RF","32","4","1","4","1",".229",".285","7","2","0","3","10",".357",".642","0%"
"Peyton Burdick","BAL","RF","30","4","1","3","0",".189",".270","6","1","0","3","13",".350",".620","0%"
"Juan Brito","CLE","2B,3B,SS","47","6","1","6","1",".243",".322","11","3","0","6","10",".367",".688","0%"
"Jonatan Clase","SEA","CF","43","6","1","4","4",".208",".283","9","2","0","5","15",".344",".627","0%"
"Livan Soto","LAA","2B,3B,SS","23","3","0","2","0",".213",".291","5","1","0","2","7",".299",".590","0%"
"Andrew Stevenson","","LF,CF,RF","45","6","1","5","2",".246",".293","11","2","0","3","12",".365",".659","0%"
"Diego Castillo","BAL","2B,SS,LF","55","6","1","6","1",".230",".303","13","3","0","6","12",".341",".644","0%"
"Nate Eaton","KC","3B,CF,LF,RF","58","7","1","5","3",".218",".272","13","2","0","4","16",".332",".604","0%"
"Lewin Diaz","WSH","1B","42","4","2","5","0",".212",".274","9","2","0","4","11",".371",".645","0%"
"Terrin Vavra","BAL","2B,LF,RF","43","6","1","4","1",".246",".318","11","2","0","5","11",".350",".668","0%"
"Greg Allen","NYY","LF,CF,RF","36","5","1","3","2",".214",".276","8","2","0","3","11",".333",".609","0%"
"Adam Haseley","","RF","61","7","1","5","1",".223",".277","14","2","0","5","13",".322",".599","0%"
"Billy McKinney","PIT","CF,LF,RF","36","4","1","5","0",".218",".299","8","2","0","4","11",".370",".669","0%"
"Jonathan Arauz","LAD","2B,3B","48","5","1","5","0",".200",".272","10","2","0","5","13",".320",".592","0%"
"P.J. Higgins","CIN","C,1B","40","4","1","4","0",".229",".290","9","2","0","3","11",".345",".635","0%"
"Mark Mathias","CIN","2B","35","4","1","4","1",".234",".317","8","2","0","4","11",".357",".674","0%"
"Jorbit Vivas","NYY","2B","39","5","1","4","1",".243",".310","10","2","0","4","6",".359",".669","0%"
"Bligh Madris","DET","1B,RF","46","5","1","5","1",".204",".283","9","2","0","5","13",".325",".608","0%"
"Damiano Palmegiani","TOR","1B,3B","43","5","2","5","0",".208",".287","9","2","0","5","14",".372",".659","0%"
"Moises Gomez","STL","LF,RF","45","5","2","6","0",".204",".259","9","2","0","3","17",".368",".627","0%"
"Conner Capel","CIN","LF,RF","35","4","1","3","1",".221",".297","8","2","0","4","10",".339",".635","0%"
"Derek Hill","TEX","CF","36","4","1","3","1",".232",".280","8","1","0","2","10",".347",".627","0%"
"Adam Engel","","CF,LF,RF","46","6","1","4","2",".196",".262","9","2","0","4","17",".312",".574","0%"
"Jhonkensy Noel","CLE","1B,3B,LF,RF","40","4","1","5","0",".220",".275","9","2","0","3","11",".374",".649","0%"
"Tristan Gray","MIA","1B,3B,SS","48","6","2","7","0",".197",".255","9","2","0","4","17",".369",".624","0%"
"Bradley Zimmer","COL","CF,RF","37","5","1","3","2",".192",".259","7","1","0","3","16",".293",".552","0%"
"Irving Lopez","","2B,3B,LF","55","6","1","5","0",".210",".273","12","3","0","5","14",".311",".584","0%"
"Simon Muzziotti","PHI","CF,LF","37","4","1","4","1",".246",".302","9","2","0","3","8",".353",".655","0%"
"Travis Blankenhorn","WSH","LF","29","4","1","4","0",".223",".290","6","1","0","3","9",".385",".675","0%"
"Brewer Hicklen","MIL","LF","24","3","1","4","1",".202",".285","5","1","0","3","10",".363",".648","0%"
"Charles Leblanc","LAA","2B,3B","27","3","1","3","0",".228",".295","6","1","0","3","9",".368",".662","0%"
"Victor Reyes","","LF,CF,RF","29","3","1","3","0",".246",".286","7","1","0","2","8",".371",".657","0%"
"Angel Martinez","CLE","2B,3B,SS","28","3","0","3","0",".234",".290","7","1","0","2","7",".344",".634","0%"
"Eli White","ATL","LF,CF","17","2","0","2","1",".208",".282","4","1","0","2","6",".339",".621","0%"
"Niko Goodrum","MIN","1B,2B","29","4","1","3","1",".218",".325","6","1","0","5","10",".346",".671","0%"
"Jahmai Jones","NYY","2B,DH,LF","22","3","0","2","1",".209",".307","5","1","0","3","7",".325",".632","0%"
"Blaine Crim","TEX","1B","13","2","0","2","0",".236",".289","3","1","0","1","3",".353",".642","0%"
"Yonathan Daza","","LF,CF","21","2","0","2","0",".268",".311","6","1","0","1","4",".358",".669","0%"
"Wenceel Perez","DET","2B,CF","24","3","0","2","1",".241",".311","6","1","0","2","5",".371",".682","0%"
"Niko Kavadas","BOS","1B","12","2","1","2","0",".199",".301","2","1","0","2","5",".368",".670","0%"
"Wes Clarke","MIL","C,1B","13","2","0","2","0",".201",".291","3","1","0","2","5",".358",".649","0%"
"Taylor Kohlwey","NYM","CF,LF,RF","30","3","0","3","1",".213",".298","6","1","0","4","8",".309",".607","0%"
"Hoy Park","OAK","2B,RF","13","2","0","1","0",".207",".294","3","0","0","2","4",".290",".584","0%"
"Eddys Leonard","DET","SS","24","3","1","3","0",".239",".293","6","1","0","2","6",".360",".653","0%"
"Mason McCoy","SD","SS","36","4","1","3","1",".180",".252","7","1","0","3","13",".285",".537","0%"
"Seth Beer","PIT","1B,DH","28","3","1","3","0",".219",".293","6","2","0","3","7",".340",".633","0%"
"Luis Liberato","ATL","CF,RF","28","3","1","3","1",".194",".274","5","1","0","3","9",".296",".570","0%"
"Yonny Hernandez","MIL","2B,3B","13","2","0","1","1",".218",".304","3","0","0","2","4",".289",".593","0%"
"Chris Owings","LAD","2B,SS","19","2","1","2","0",".207",".273","4","1","0","2","7",".345",".618","0%"
"Cal Stevenson","PHI","CF","18","2","0","2","1",".220",".318","4","1","0","3","5",".330",".648","0%"
"Alejo Lopez","ATL","2B,3B,RF,SS","11","1","0","1","0",".254",".308","3","1","0","1","2",".333",".641","0%"
"Hunter Stovall","COL","2B","16","2","0","2","0",".250",".297","4","1","0","1","3",".362",".659","0%"
"Chris Roller","MIL","CF","11","1","0","1","0",".199",".286","2","0","0","1","4",".305",".591","0%"
"Phillip Evans","ATL","3B,SS,LF,RF","8","1","0","1","0",".231",".300","2","0","0","1","2",".322",".622","0%"
"Erik Gonzalez","CIN","SS","11","1","0","1","0",".230",".264","3","0","0","1","3",".302",".566","0%"
"Carlos De La Cruz","PHI","1B,RF","23","2","1","2","0",".215",".279","5","1","0","2","8",".364",".642","0%"
"Cole Tucker","SEA","2B,CF,RF","25","3","0","2","0",".202",".289","5","1","0","3","7",".297",".586","0%"
"Didi Gregorius","","SS","7","1","0","1","0",".229",".277","1","0","0","0","1",".356",".633","0%"
"Ryan Vilade","DET","SS,LF,RF","8","1","0","1","0",".227",".285","2","0","0","1","2",".330",".615","0%"
"Blake Rutherford","","LF,CF","92","9","2","10","1",".238",".278","22","5","0","5","22",".363",".641","0%"
"Trey Lipscomb","WSH","3B","167","17","3","18","2",".240",".269","40","8","1","7","36",".357",".626","0%"
"Kevin Alcantara","CHC","CF","63","8","2","8","2",".247",".306","16","3","1","5","18",".382",".688","1%"
"Greg Jones","TB","SS,CF","39","5","1","4","3",".200",".262","8","2","1","3","16",".324",".587","0%"
"Luis Vazquez","CHC","2B,SS","49","5","1","5","1",".219",".279","11","2","0","4","13",".322",".601","0%"
"Jeremy De La Rosa","WSH","CF,RF","40","4","1","4","2",".218",".289","9","2","0","4","15",".315",".604","0%"
"Carlos Perez","CWS","C","83","7","2","8","0",".196",".248","16","3","0","6","11",".321",".569","0%"
"Rylan Bannon","NYM","2B,3B","46","5","1","5","1",".172",".287","8","1","0","7","12",".279",".567","0%"
"Brian O'Keefe","MIN","C","37","4","1","4","0",".186",".259","7","2","0","4","11",".332",".591","0%"
"Diego Hernandez","KC","CF","26","3","0","2","1",".241",".291","6","1","0","2","7",".314",".605","0%"
"Buddy Kennedy","DET","3B","21","3","0","2","0",".224",".316","5","1","0","3","5",".337",".653","0%"
"Jacob Wilson","OAK","SS","45","4","1","4","0",".181",".239","8","2","0","3","10",".273",".512","1%"
"Diego Cartaya","LAD","C","29","3","1","3","0",".191",".264","5","1","0","3","11",".358",".621","1%"
"Cam Eden","TOR","CF,LF,RF","20","2","0","2","1",".213",".271","4","1","0","2","6",".321",".591","0%"
"Chris Okey","LAD","C","22","2","1","2","0",".189",".242","4","1","0","2","7",".330",".572","0%"
"Tyler Cropley","KC","C","32","3","0","3","0",".191",".261","6","1","0","3","9",".273",".534","0%"
"Victor Mesa Jr.","MIA","LF","13","1","0","1","0",".230",".283","3","1","0","1","3",".334",".617","0%"
"Ryan Ward","LAD","LF","6","1","0","1","0",".179",".199","1","0","0","0","2",".231",".429","0%"
"Chandler Seagle","SD","C","39","3","0","3","0",".177",".225","7","2","0","2","13",".255",".479","0%"
"Tim Elko","CWS","3B","11","1","0","1","0",".199",".225","2","0","0","0","4",".316",".540","0%"
""
""